Date,SourceURL,Actor1Name,Actor2Name,EventCode,GoldsteinScale,AvgTone
2025-09-18,https://www.zonebourse.com/actualite-bourse/electrolux-annonce-la-composition-de-son-comite-de-nomination-trois-nouveaux-membres-ce7d58d9dd8af226,MANUFACTURER,STOCKHOLM,46,7.0,0.0
2025-09-18,https://www.zonebourse.com/actualite-bourse/electrolux-annonce-la-composition-de-son-comite-de-nomination-trois-nouveaux-membres-ce7d58d9dd8af226,STOCKHOLM,MANUFACTURER,46,7.0,0.0
2025-09-18,https://www.prnewswire.com/news-releases/nomination-committee-appointed-for-ab-electrolux-annual-general-meeting-2026-302560566.html,STOCKHOLM,UNKNOWN,36,4.0,0.380964820619993
2025-09-18,https://www.prnewswire.com/news-releases/nomination-committee-appointed-for-ab-electrolux-annual-general-meeting-2026-302560566.html,UNKNOWN,STOCKHOLM,36,4.0,0.380964820619993
2025-09-18,https://www.globalsecurity.org/military/library/news/2025/09/mil-250916-govse01.htm,STOCKHOLM,BRAZILIAN,40,1.0,1.92307692307692
2025-09-18,https://www.globalsecurity.org/military/library/news/2025/09/mil-250916-govse01.htm,BRAZILIAN,STOCKHOLM,40,1.0,1.92307692307692
2025-09-18,https://www.globalsecurity.org/military/library/news/2025/09/mil-250916-govse01.htm,BRAZIL,STOCKHOLM,40,1.0,1.92307692307692
2025-09-14,https://alsat.mk/lufte-berthamore-a-mund-te-perballoni-mbijetesen-sa-kushtojne-bunkeret-private-ne-te-gjithe-evropen/,STOCKHOLM,UNKNOWN,43,2.8,-0.41039671682626
2025-09-13,https://www.zonebourse.com/actualite-bourse/jamieson-greer-ustr-participera-a-madrid-a-des-discussions-avec-des-responsables-chinois-sur-le-co-ce7d59d3df8cf121,STOCKHOLM,UNKNOWN,43,2.8,-1.21457489878543
2025-09-13,https://www.zonebourse.com/actualite-bourse/jamieson-greer-ustr-participera-a-madrid-a-des-discussions-avec-des-responsables-chinois-sur-le-co-ce7d59d3df8cf121,UNKNOWN,STOCKHOLM,42,1.9,-1.21457489878543
2025-09-14,https://www.wsls.com/business/2025/09/14/china-launches-probes-targeting-us-semiconductors-ahead-of-madrid-trade-talks/,CHINA,STOCKHOLM,10,0.0,-1.75
2025-09-14,http://www.econotimes.com/China-Launches-Chip-Trade-Probe-Ahead-of-US-Talks-in-Spain-1720518,STOCKHOLM,MADRID,40,1.0,-5.3156146179402
2025-09-14,https://alsat.mk/lufte-berthamore-a-mund-te-perballoni-mbijetesen-sa-kushtojne-bunkeret-private-ne-te-gjithe-evropen/,UNKNOWN,STOCKHOLM,42,1.9,-0.41039671682626
2025-09-14,http://www.econotimes.com/China-Launches-Chip-Trade-Probe-Ahead-of-US-Talks-in-Spain-1720518,MADRID,STOCKHOLM,40,1.0,-5.3156146179402
2025-09-13,https://www.in.gr/2025/09/13/economy/diethnis-oikonomia/dasmoi-nees-synomilies-ipa-kinas-stin-ispaniki-proteyousa/,UNKNOWN,STOCKHOLM,40,1.0,-0.5449591280654
2025-09-13,https://biztoc.com/x/3bde08c9875bf8f7,STOCKHOLM,COMPANIES,331,5.2,0.0
2025-09-13,https://www.aol.co.uk/articles/natalie-massenet-erik-torstensson-former-110322965.html,STOCKHOLM,UNKNOWN,10,0.0,2.44498777506112
2025-09-13,https://wattsupwiththat.com/2019/12/15/no-seat-climate-brat-greta-thunberg-learns-the-hard-way-why-most-people-prefer-to-fly/,STOCKHOLM,UNKNOWN,36,4.0,-3.61111111111111
2025-09-12,https://oilprice.com/Geopolitics/International/Russia-and-Belarus-Launch-Major-Military-Drills.html,BELARUS,STOCKHOLM,190,-10.0,-2.93560606060606
2025-09-12,https://www.omnia.com.mx/noticia/396264/el-salvador-es-el-pais-con-deterioro-mas-rapido-de-la-democracia-en-america-lati,PANAMA,STOCKHOLM,10,0.0,-3.89908256880734
2025-09-13,https://listindiario.com/las-mundiales/20250912/salvador-pais-deterioro-mas-rapido-democracia-america-latina-informe_874085.html,PANAMA,STOCKHOLM,10,0.0,-3.9080459770115
2025-09-13,https://www.lanacion.com.py/mundo/2025/09/12/informe-critican-a-bukele-el-deterioro-mas-rapido-de-la-democracia-en-america-latina/,PANAMA,STOCKHOLM,10,0.0,-4.48877805486284
2025-09-13,https://english.kyodonews.net:443/articles/-/60996,STOCKHOLM,JAPAN,172,-5.0,-2.0746887966805
2025-09-12,https://blueprint.ng/livestock-ministry-rea-partner-on-renewable-energy-at-grazing-reserves/,MINIST OF LIVESTOCK,ABUJA,13,0.4,4.97076023391813
2025-09-12,https://blueprint.ng/livestock-ministry-rea-partner-on-renewable-energy-at-grazing-reserves/,MINIST OF LIVESTOCK,NIGERIA,57,8.0,4.97076023391813
2025-09-12,https://blueprint.ng/livestock-ministry-rea-partner-on-renewable-energy-at-grazing-reserves/,NIGERIA,MINIST OF LIVESTOCK,57,8.0,4.97076023391813
2025-09-13,https://wattsupwiththat.com/2019/12/15/no-seat-climate-brat-greta-thunberg-learns-the-hard-way-why-most-people-prefer-to-fly/,UNKNOWN,STOCKHOLM,36,4.0,-3.61111111111111
2025-09-13,https://www.elconfidencial.com/cultura/2025-09-13/historia-palabra-genocidio-vocablo-guerra-palestina-hecho-polemico_4206977/,COLLEGE,STOCKHOLM,111,-2.0,-8.14299900695134
2025-09-12,https://24tv.ua/geopolitics/ru/inostrannye-vojska-v-ukraine-kuda-ih-napravjat-i-budet-li-ugrozhat-im-rossija-geopolitika-24-kanal_n2913487,STOCKHOLM,EUROPE,10,0.0,-2.60663507109005
2025-09-14,https://www.naftemporiki.gr/finance/world/2005734/stin-ispania-antiprosopeies-ton-ipa-kai-tis-kinas-gia-emporikes-diapragmateyseis/,STOCKHOLM,UNKNOWN,40,1.0,-2.2289766970618
2025-09-15,https://thewest.com.au/travel/cruisers-enamoured-with-star-studded-europe--c-19752258,STOCKHOLM,UNKNOWN,43,2.8,5.78673602080625
2025-09-15,https://www.elmundo.es/economia/2025/09/14/68c69ef0e85ece811d8b4580.html,STOCKHOLM,UNKNOWN,50,3.5,-2.61382799325464
2025-09-14,https://oilreview.kiev.ua/2025/09/14/z-dnem-pracivnikiv-naftovo%D1%97-gazovo%D1%97-ta-naftopererobno%D1%97-promislovosti-ukra%D1%97ni/,STOCKHOLM,UNKNOWN,51,3.4,2.23463687150838
2025-09-14,https://www.capital.gr/diethni/3944244/simera-o-tetartos-kuklos-sinoamerikanikon-sunomilion-gia-emporiki-sumfonia-sti-madriti/,STOCKHOLM,UNKNOWN,40,1.0,-1.05960264900662
2025-09-15,https://www.elmundo.es/economia/2025/09/14/68c69ef0e85ece811d8b4580.html,STOCKHOLM,UNKNOWN,42,1.9,-2.61382799325464
2025-09-14,https://thenationonlineng.net/fg-to-convert-417-grazing-reserves-into-modern-livestock-villages/,MINIST OF LIVESTOCK,UNKNOWN,10,0.0,3.29670329670329
2025-09-14,https://www.arabnews.com/node/2615256/pakistan,CHINA,STOCKHOLM,61,6.4,2.86624203821656
2025-09-14,https://www.scmp.com/economy/global-economy/article/3325494/china-us-trade-delegations-kick-fourth-round-talks-madrid,STOCKHOLM,CHINESE,46,7.0,0.0
2025-09-15,https://timesofindia.indiatimes.com/world/us/up-to-china-donald-trump-leaves-tiktoks-us-ban-in-doubt-hints-at-a-factor-that-could-save-app/articleshow/123889597.cms,CHINA,STOCKHOLM,125,-5.0,-2.70880361173815
2025-09-15,https://thewest.com.au/travel/cruisers-enamoured-with-star-studded-europe--c-19752258,STOCKHOLM,UNESCO,43,2.8,5.78673602080625
2025-09-15,https://thewest.com.au/travel/cruisers-enamoured-with-star-studded-europe--c-19752258,UNKNOWN,STOCKHOLM,42,1.9,5.78673602080625
2025-09-15,https://thewest.com.au/travel/cruisers-enamoured-with-star-studded-europe--c-19752258,UNESCO,STOCKHOLM,42,1.9,5.78673602080625
2025-09-14,https://www.naftemporiki.gr/finance/world/2005734/stin-ispania-antiprosopeies-ton-ipa-kai-tis-kinas-gia-emporikes-diapragmateyseis/,UNKNOWN,STOCKHOLM,40,1.0,-2.2289766970618
2025-09-15,https://www.elmundo.es/economia/2025/09/14/68c69ef0e85ece811d8b4580.html,UNKNOWN,STOCKHOLM,43,2.8,-2.61382799325464
2025-09-15,https://www.elmundo.es/economia/2025/09/14/68c69ef0e85ece811d8b4580.html,UNKNOWN,STOCKHOLM,50,3.5,-2.61382799325464
2025-09-14,"https://www.wnp.pl/rynki/hiszpania-w-madrycie-rozpoczela-sie-czwarta-runda-rozmow-handlowych-miedzy-usa-a-chinami,984198.html",STOCKHOLM,LONDON,40,1.0,-1.73611111111111
2025-09-14,https://www.scmp.com/economy/global-economy/article/3325494/china-us-trade-delegations-kick-fourth-round-talks-madrid,CHINESE,STOCKHOLM,46,7.0,0.0
2025-09-14,https://www.dw.com/ru/kitaj-nacal-rassledovania-v-otnosenii-ssa-na-fone-spora-o-mikrocipah/a-73989117,CHINA,STOCKHOLM,10,0.0,-2.56410256410257
2025-09-14,https://evz.ro/suedia-anunta-cea-mai-dura-lege-din-europa-migratie-limitata-reguli-stricte.html,GOVERNMENT,STOCKHOLM,70,7.0,-4.09638554216868
2025-09-14,https://indianexpress.com/article/world/us-china-talks-spain-trade-irritants-tiktok-deadline-10249702/,LONDON,STOCKHOLM,40,1.0,-1.69491525423729
2025-09-14,"https://www.wnp.pl/rynki/hiszpania-w-madrycie-rozpoczela-sie-czwarta-runda-rozmow-handlowych-miedzy-usa-a-chinami,984198.html",LONDON,STOCKHOLM,40,1.0,-1.73611111111111
2025-09-14,https://www.globaltimes.cn/page/202509/1343479.shtml,THE US,STOCKHOLM,10,0.0,-1.83946488294314
2025-09-14,https://www.webpronews.com/fredrik-eklunds-rise-from-adult-films-to-15b-real-estate-empire/,NEW YORK CITY,STOCKHOLM,43,2.8,0.6861063464837
2025-09-15,https://www.newsweek.com/trump-expected-extend-tiktok-divestment-deadline-again-2129751,SPAIN,STOCKHOLM,125,-5.0,-2.81425891181988
2025-09-14,https://indianexpress.com/article/world/us-china-talks-spain-trade-irritants-tiktok-deadline-10249702/,STOCKHOLM,LONDON,40,1.0,-1.69491525423729
2025-09-14,"https://www.wnp.pl/rynki/niedzielne-negocjacje-w-madrycie-delegacje-usa-i-chin-rozmawiaja-o-handlu-fentanylu-i-tiktoku,984198.html",STOCKHOLM,LONDON,40,1.0,-1.52439024390244
2025-09-15,https://timesofindia.indiatimes.com/world/us/up-to-china-donald-trump-leaves-tiktoks-us-ban-in-doubt-hints-at-a-factor-that-could-save-app/articleshow/123889597.cms,STOCKHOLM,LONDON,125,-5.0,-2.70880361173815
2025-09-14,https://www.capital.gr/diethni/3944244/simera-o-tetartos-kuklos-sinoamerikanikon-sunomilion-gia-emporiki-sumfonia-sti-madriti/,UNKNOWN,STOCKHOLM,40,1.0,-1.05960264900662
2025-09-14,https://thenationonlineng.net/fg-to-convert-417-grazing-reserves-into-modern-livestock-villages/,MINIST OF LIVESTOCK,NIGERIA,10,0.0,3.29670329670329
2025-09-14,https://www.webpronews.com/fredrik-eklunds-rise-from-adult-films-to-15b-real-estate-empire/,STOCKHOLM,NEW YORK CITY,42,1.9,0.6861063464837
2025-09-15,https://urbanland.uli.org/design-planning/ten-exceptional-projects-named-as-2025-uli-europe-awards-for-excellence-finalists,STOCKHOLM,UNKNOWN,51,3.4,3.78469301934398
2025-09-15,https://www.thelocal.de/20250617/in-which-german-cities-are-the-residents-the-happiest,ROSTOCK,UNKNOWN,51,3.4,5.69395017793594
2025-09-15,https://fr.euronews.com/my-europe/2025/09/15/stockholm-accuse-orban-de-mensonges-scandaleux-sur-son-systeme-judiciaire,STOCKHOLM,UNKNOWN,112,-2.0,-7.58064516129032
2025-09-15,https://www.oikoumene.org/news/resisting-war-conference-brings-theological-insights-to-todays-fraught-world,STOCKHOLM,UNKNOWN,51,3.4,-1.84659090909091
2025-09-15,https://www.lrt.lt/naujienos/verslas/4/2678076/kesko-senuku-vadovo-arturo-rakausko-ir-kesko-gincas-suomijoje-dar-nebaigtas,STOCKHOLM,UNKNOWN,20,3.0,-0.80385852090032
2025-09-15,https://news.day.az/world/1780517.html,STOCKHOLM,UNKNOWN,46,7.0,-1.66666666666667
2025-09-15,https://www.newsbomb.gr/kosmos/story/1679507/tik-tok-eimaste-konta-se-symfonia-me-tin-kina-leei-o-besent,STOCKHOLM,UNKNOWN,43,2.8,0.35523978685613
2025-09-15,https://thesun.my/world-news/us-and-china-near-tiktok-deal-in-madrid-trade-talks-bessent-says-GM14902307,STOCKHOLM,UNKNOWN,43,2.8,-0.17452006980803
2025-09-15,https://www.dcnews.ro/sua-si-china-aproape-de-un-acord-privind-aplicatia-tiktok-dupa-negocierile-de-la-madrid_1007138.html,STOCKHOLM,UNKNOWN,43,2.8,1.71428571428571
2025-09-15,https://www.dn.se/brandstudio/polestar/familjen-akte-genom-hela-europa-i-elbil-bekvamaste-bilresan-vi-gjort/,STOCKHOLM,UNKNOWN,42,1.9,-1.31233595800525
2025-09-15,https://www.dcnews.ro/sua-si-china-aproape-de-un-acord-privind-aplicatia-tiktok-dupa-negocierile-de-la-madrid_1007138.html,UNKNOWN,STOCKHOLM,42,1.9,1.71428571428571
2025-09-15,https://www.aljazeera.com/economy/2025/9/15/us-china-talk-trade-amid-threats-over-russian-oil-tiktok-ban,CHINA,STOCKHOLM,46,7.0,-1.5647226173542
2025-09-15,https://www.aljazeera.com/economy/2025/9/15/us-china-talk-trade-amid-threats-over-russian-oil-tiktok-ban,STOCKHOLM,CHINA,46,7.0,-1.5647226173542
2025-09-15,https://www.aljazeera.com/economy/2025/9/15/us-china-talk-trade-amid-threats-over-russian-oil-tiktok-ban,STOCKHOLM,CHINESE,46,7.0,-1.5647226173542
2025-09-15,https://thesun.my/world-news/us-and-china-near-tiktok-deal-in-madrid-trade-talks-bessent-says-GM14902307,UNKNOWN,STOCKHOLM,42,1.9,-0.17452006980803
2025-09-15,https://macaudailytimes.com.mo/china-launches-probes-targeting-us-semiconductors-ahead-of-madrid-trade-talks.html,CHINA,STOCKHOLM,10,0.0,-1.90023752969121
2025-09-15,https://www.lrt.lt/naujienos/verslas/4/2678076/kesko-senuku-vadovo-arturo-rakausko-ir-kesko-gincas-suomijoje-dar-nebaigtas,LITHUANIA,STOCKHOLM,38,7.0,-0.80385852090032
2025-09-15,https://www.stern.de/gesellschaft/regional/mecklenburg-vorpommern/tierseuche--backhaus-mahnt-nach-vogelgrippe-fall-zu-besonderer-vorsicht-36055430.html,ROSTOCK,MINIST,20,3.0,-2.803738317757
2025-09-15,https://www.zeit.de/news/2025-09/15/magdeburg-attentaeter-nahm-schon-frueher-starke-medikamente,POLICE,ROSTOCK,20,3.0,-1.69971671388102
2025-09-15,https://tribuneonlineng.com/fg-uniabuja-veterinary-students-partner-to-tackle-antimicrobial-resistance-crisis/,NIGERIA,MINIST OF LIVESTOCK,51,3.4,-0.47318611987382
2025-09-15,https://www.butlereagle.com/20250915/china-launches-probes-targeting-us-semiconductors-ahead-of-madrid-trade-talks/,SPAIN,STOCKHOLM,10,0.0,-1.45833333333334
2025-09-15,https://www.kuna.net.kw/ArticleDetails.aspx?id=3248532&language=ar,STOCKHOLM,PRESIDENT,70,7.0,-3.57142857142857
2025-09-15,https://news.day.az/world/1780517.html,UNKNOWN,STOCKHOLM,46,7.0,-1.66666666666667
2025-09-15,https://www.aljazeera.com/economy/2025/9/15/us-china-talk-trade-amid-threats-over-russian-oil-tiktok-ban,CHINESE,STOCKHOLM,46,7.0,-1.5647226173542
2025-09-15,https://www.oikoumene.org/news/resisting-war-conference-brings-theological-insights-to-todays-fraught-world,LECTURER,STOCKHOLM,20,3.0,-1.84659090909091
2025-09-08,https://pakobserver.net/swedens-health-minister-lann-collapses-before-journalists-in-first-presser/,STOCKHOLM,HEALTH MINIST,60,6.0,-2.04081632653061
2025-09-08,https://pakobserver.net/swedens-health-minister-lann-collapses-before-journalists-in-first-presser/,STOCKHOLM,SWEDEN,60,6.0,-2.04081632653061
2025-09-15,https://www.euronews.com/my-europe/2025/09/15/swedish-prime-minister-rebuffs-orbans-child-assassin-claims-as-outrageous-lies,STOCKHOLM,SWEDEN,14,0.0,-10.8585858585859
2025-09-15,https://www.euronews.com/my-europe/2025/09/15/swedish-prime-minister-rebuffs-orbans-child-assassin-claims-as-outrageous-lies,STOCKHOLM,CRIMINAL,14,0.0,-10.8585858585859
2025-09-15,https://www.golosarmenii.am/%D0%B0%D0%B4%D0%B2%D0%BE%D0%BA%D0%B0%D1%82%D1%8B-%D0%BA%D0%B0%D1%80%D0%B0%D0%BF%D0%B5%D1%82%D1%8F%D0%BD%D0%B0-%D0%BF%D0%BE%D0%B4%D0%B0%D0%B4%D1%83%D1%82-%D1%81%D0%BE%D0%BE%D0%B1%D1%89%D0%B5%D0%BD/,PUBLICATION,STOCKHOLM,10,0.0,0.0
2025-09-15,https://www.finanznachrichten.de/nachrichten-2025-09/66433826-4ig-group-and-elisa-polystar-announce-expanded-partnership-to-enhance-network-service-performance-and-customer-experience-008.htm,STOCKHOLM,HUNGARY,90,-2.0,3.61552028218695
2025-09-15,https://www.firstpost.com/world/as-china-us-negotiate-trade-deal-in-spain-beijing-probes-american-chips-over-dumping-charges-13933863.html,GENEVA,STOCKHOLM,30,4.0,-2.46575342465753
2025-09-15,https://www.firstpost.com/world/as-china-us-negotiate-trade-deal-in-spain-beijing-probes-american-chips-over-dumping-charges-13933863.html,LONDON,STOCKHOLM,30,4.0,-2.46575342465753
2025-09-15,https://www.firstpost.com/world/as-china-us-negotiate-trade-deal-in-spain-beijing-probes-american-chips-over-dumping-charges-13933863.html,LONDON,STOCKHOLM,46,7.0,-2.46575342465753
2025-09-15,https://www.firstpost.com/world/as-china-us-negotiate-trade-deal-in-spain-beijing-probes-american-chips-over-dumping-charges-13933863.html,STOCKHOLM,GENEVA,30,4.0,-2.46575342465753
2025-09-15,https://www.firstpost.com/world/as-china-us-negotiate-trade-deal-in-spain-beijing-probes-american-chips-over-dumping-charges-13933863.html,STOCKHOLM,LONDON,30,4.0,-2.46575342465753
2025-09-15,https://www.firstpost.com/world/as-china-us-negotiate-trade-deal-in-spain-beijing-probes-american-chips-over-dumping-charges-13933863.html,STOCKHOLM,LONDON,46,7.0,-2.46575342465753
2025-09-15,https://www.newsbomb.gr/kosmos/story/1679507/tik-tok-eimaste-konta-se-symfonia-me-tin-kina-leei-o-besent,UNKNOWN,STOCKHOLM,42,1.9,0.35523978685613
2025-09-15,https://www.nordkurier.de/regional/rostock/bringt-wasserstoff-fuer-europa-und-rostock-die-energiewende-3926217,ROSTOCK,UNKNOWN,311,5.2,1.14942528735632
2025-09-16,https://proletaren.se/artikel/israelisk-soldat-forelaste-i-stockholm-hogerdebattorer-sprider-desinformation/,STOCKHOLM,UNKNOWN,42,1.9,-6.08228980322004
2025-09-16,https://oilreview.kiev.ua/2025/09/16/yes-mizh-obicyankami-ta-realnistyu-deshevij-rosijskij-spg-i-konkurenciya-na-energetichnix-rinkax/,STOCKHOLM,UNKNOWN,51,3.4,2.18579234972677
2025-09-16,https://www.thestar.com.my/business/business-news/2025/09/16/trump039s-trade-war-with-china-in-2025,CHINESE,STOCKHOLM,26,4.0,-3.29218106995885
2025-09-16,http://today.az/news/regions/261999.html,HUNGARIAN,STOCKHOLM,112,-2.0,-9.09090909090908
2025-09-16,https://www.verkkouutiset.fi/a/tama-on-kuvottavaa-ruotsin-ministerit-ryopyttavat-palestiina-aktivisteja/,PROTESTER,STOCKHOLM,42,1.9,-0.43859649122807
2025-09-16,https://thenationonlineng.net/fg-to-relocate-cattle-from-abuja-to-grazing-reserves/,MINIST OF LIVESTOCK,MEDIA,10,0.0,3.21931589537223
2025-09-16,https://www.peoplesdailyng.com/fg-to-relocate-cattle-from-abuja-to-grazing-reserves/,MINIST OF LIVESTOCK,MEDIA,10,0.0,3.34029227557412
2025-09-16,https://proletaren.se/artikel/israelisk-soldat-forelaste-i-stockholm-hogerdebattorer-sprider-desinformation/,UNKNOWN,STOCKHOLM,43,2.8,-6.08228980322004
2025-09-16,http://today.az/news/regions/261999.html,HUNGARIAN,STOCKHOLM,111,-2.0,-9.09090909090908
2025-09-16,https://www.verkkouutiset.fi/a/tama-on-kuvottavaa-ruotsin-ministerit-ryopyttavat-palestiina-aktivisteja/,STOCKHOLM,PROTESTER,43,2.8,-0.43859649122807
2025-09-16,https://www.dn.se/debatt/det-gar-inte-att-fortsatta-underfinansiera-sjukvarden/,PREMIER,STOCKHOLM,174,-5.0,-0.7843137254902
2025-09-16,https://www.dn.se/debatt/det-gar-inte-att-fortsatta-underfinansiera-sjukvarden/,STOCKHOLM,REPRESENTATIVES,10,0.0,-0.7843137254902
2025-09-16,https://www.dn.se/debatt/det-gar-inte-att-fortsatta-underfinansiera-sjukvarden/,STOCKHOLM,STOCKHOLM,10,0.0,-0.7843137254902
2025-09-16,https://www.borsonline.hu/kozelet/2025/09/sved-bandahaborurol-beszelnek-egy-halott,POLICE,STOCKHOLM,20,3.0,-12.2641509433962
2025-09-15,https://www.almanar.com.lb/article/189897/,STOCKHOLM,AUTHORITIES,75,7.0,-0.507614213197971
2025-09-16,https://theindianawaaz.com/us-and-china-to-resume-high-level-talks-in-madrid-to-ease-trade-tensions/,LONDON,STOCKHOLM,40,1.0,-0.7905138339921
2025-09-16,https://theindianawaaz.com/us-and-china-to-resume-high-level-talks-in-madrid-to-ease-trade-tensions/,LONDON,STOCKHOLM,42,1.9,-0.7905138339921
2025-09-15,"https://biznes.interia.pl/polityka/news-szwecja-zwieksza-budzet-na-obronnosc-chce-wesprzec-polske,nId,22419632",STOCKHOLM,WARSAW,51,3.4,0.52631578947368
2025-09-16,https://theindianawaaz.com/us-and-china-to-resume-high-level-talks-in-madrid-to-ease-trade-tensions/,STOCKHOLM,LONDON,40,1.0,-0.7905138339921
2025-09-16,https://theindianawaaz.com/us-and-china-to-resume-high-level-talks-in-madrid-to-ease-trade-tensions/,STOCKHOLM,LONDON,43,2.8,-0.7905138339921
2025-09-15,https://www.dexerto.com/twitch/twitch-streamers-rescued-by-helicopter-after-getting-stuck-in-swiss-mountains-3251427/,STOCKHOLM,EUROPE,10,0.0,-1.91897654584221
2025-09-18,https://www.expressen.se/nyheter/sverige/gravde-mask-hittade-silverskatt-i-stockholm/,GOVERNMENT,STOCKHOLM,120,-4.0,-1.06382978723404
2025-09-05,https://www.newspim.com/news/view/20250905000885,STOCKHOLM,UNKNOWN,12,-0.4,1.60578081091931
2025-09-06,https://www.yahoo.com/news/articles/grandparents-getting-older-average-heres-003102504.html,ROSTOCK,UNKNOWN,42,1.9,-0.68259385665529
2025-09-06,https://www.yahoo.com/news/articles/grandparents-getting-older-average-heres-003102504.html,UNKNOWN,ROSTOCK,43,2.8,-0.68259385665529
2025-09-06,https://www.larazon.es/internacional/ejercito-ucraniano-recibira-material-avanzado-final-guerra-estos-aviones-seran-claves-b30m_2025090668b82e22ee9f0221df34159f.html,STOCKHOLM,WARSAW,30,4.0,1.22377622377623
2025-09-03,https://www.ostsee-zeitung.de/lokales/rostock/rostock-braucht-720-neue-wohnungen-im-jahr-ist-das-realistisch-W6XIF6G7GRFGXJXE6OXDTOGKLU.html,UNKNOWN,ROSTOCK,40,1.0,-0.25773195876289
2025-09-03,https://www.ostsee-zeitung.de/lokales/rostock/rostock-braucht-720-neue-wohnungen-im-jahr-ist-das-realistisch-W6XIF6G7GRFGXJXE6OXDTOGKLU.html,ROSTOCK,UNKNOWN,40,1.0,-0.25773195876289
2025-09-03,https://en.protothema.gr/2025/09/03/ecumenical-patriarch-bartholomews-third-visit-to-stockholm-photos/,STOCKHOLM,UNKNOWN,51,3.4,4.63071512309496
2025-09-03,https://www.popmatters.com/best-metal-albums-august-2025,STOCKHOLM,UNKNOWN,874,10.0,-5.3639846743295
2025-09-03,https://en.protothema.gr/2025/09/03/ecumenical-patriarch-bartholomews-third-visit-to-stockholm-photos/,UNKNOWN,STOCKHOLM,42,1.9,4.63071512309496
2025-09-03,https://www.aftonbladet.se/nyheter/a/XjrmdE/uppgifter-rasistiska-valdsdad-i-centrala-stockholm,UNKNOWN,STOCKHOLM,173,-5.0,-11.5288220551378
2025-09-03,https://www.aftonbladet.se/nyheter/a/XjrmdE/uppgifter-rasistiska-valdsdad-i-centrala-stockholm,UNKNOWN,STOCKHOLM,180,-9.0,-11.5288220551378
2025-09-04,https://www.travelweekly.com/Europe-Travel/Finnish-brand-Bob-W-debuts-first-Swedish-aparthotel,FINNISH,STOCKHOLM,111,-2.0,2.54237288135593
2025-09-03,https://www.expressen.se/nyheter/sverige/uppgifter-tre-haktade--for-rasistiska-valdsdad/,MALE,STOCKHOLM,173,-5.0,-13.2075471698113
2025-09-03,https://www.miragenews.com/nordic-take-workplace-compliance-social-dialogue-1526609/,EMBASSY,STOCKHOLM,40,1.0,3.10391363022942
2025-09-03,https://www.miragenews.com/nordic-take-workplace-compliance-social-dialogue-1526609/,EMBASSY,STOCKHOLM,42,1.9,3.10391363022942
2025-09-03,https://www.miragenews.com/nordic-take-workplace-compliance-social-dialogue-1526609/,STOCKHOLM,EMBASSY,40,1.0,3.10391363022942
2025-09-03,https://www.miragenews.com/nordic-take-workplace-compliance-social-dialogue-1526609/,STOCKHOLM,EMBASSY,43,2.8,3.10391363022942
2025-09-04,https://insideclimatenews.org/news/04092025/spain-portugal-wildfires-linked-to-global-warming/,PROFESSOR,STOCKHOLM,30,4.0,-2.06254158349967
2025-09-03,https://en.protothema.gr/2025/09/03/ecumenical-patriarch-bartholomews-third-visit-to-stockholm-photos/,LUTHERAN,STOCKHOLM,43,2.8,4.63071512309496
2025-09-03,https://en.protothema.gr/2025/09/03/ecumenical-patriarch-bartholomews-third-visit-to-stockholm-photos/,SAINT,STOCKHOLM,42,1.9,4.63071512309496
2025-09-03,https://en.protothema.gr/2025/09/03/ecumenical-patriarch-bartholomews-third-visit-to-stockholm-photos/,STOCKHOLM,LUTHERAN,42,1.9,4.63071512309496
2025-09-03,https://en.protothema.gr/2025/09/03/ecumenical-patriarch-bartholomews-third-visit-to-stockholm-photos/,STOCKHOLM,SAINT,43,2.8,4.63071512309496
2025-09-03,https://www.aftonbladet.se/nyheter/a/XjrmdE/uppgifter-rasistiska-valdsdad-i-centrala-stockholm,SWEDEN,STOCKHOLM,173,-5.0,-11.5288220551378
2025-09-03,https://www.aftonbladet.se/nyheter/a/XjrmdE/uppgifter-rasistiska-valdsdad-i-centrala-stockholm,SWEDEN,STOCKHOLM,180,-9.0,-11.5288220551378
2025-09-03,https://www.zerohedge.com/political/us-tariffs-top-31-billion-august-new-record-high,TREASURY SECRETARY,STOCKHOLM,44,2.5,-1.54798761609907
2025-09-03,https://www.zerohedge.com/political/us-tariffs-top-31-billion-august-new-record-high,UNITED STATES,STOCKHOLM,44,2.5,-1.54798761609907
2025-09-01,http://www.op-online.de/deutschland/mann-vermisstes-maedchen-womoeglich-in-hotel-gelockt-polizei-sucht-14-und-blonden-zr-93909335.html,ROSTOCK,UNKNOWN,60,6.0,-0.5952380952381
2025-09-01,https://www.nationalaccordnewspaper.com/tinubu-has-been-fair-to-all-regions-in-nigeria-fg/,MINIST OF LIVESTOCK,UNKNOWN,10,0.0,3.14465408805032
2025-09-01,https://www.nationalaccordnewspaper.com/tinubu-has-been-fair-to-all-regions-in-nigeria-fg/,MINIST OF LIVESTOCK,UNKNOWN,20,3.0,3.14465408805032
2025-09-01,https://www.artforum.com/features/carol-rama-paintings-elizabeth-mangini-1234733864/,STOCKHOLM,ROME,42,1.9,-0.74699577784995
2025-09-01,https://www.artforum.com/features/carol-rama-paintings-elizabeth-mangini-1234733864/,ROME,STOCKHOLM,43,2.8,-0.74699577784995
2025-09-01,https://www.artforum.com/features/carol-rama-paintings-elizabeth-mangini-1234733864/,STOCKHOLM,MILAN,42,1.9,-0.74699577784995
2025-09-01,https://www.artforum.com/features/carol-rama-paintings-elizabeth-mangini-1234733864/,MILAN,STOCKHOLM,43,2.8,-0.74699577784995
2025-09-03,https://www.ostsee-zeitung.de/lokales/rostock/rostock-vorbestrafter-vergewaltiger-vor-gericht-opfer-schildert-misshandlungen-JISG62UYUBBKZKYKSXEMM5NZBU.html,ROSTOCK,UNKNOWN,112,-2.0,-8.14940577249575
2025-09-03,http://www.bignewsnetwork.com/news/278548652/chhattisgarh-cm-vishnu-deo-sai-briefs-amit-shah-regarding-flood-situation-in-bastar-dantewada,MINIST OF LIVESTOCK,UNKNOWN,10,0.0,-5.23076923076923
2025-09-03,https://news.webindia123.com/news/Articles/India/20250903/4356826.html,MINIST OF LIVESTOCK,UNKNOWN,10,0.0,-5.29595015576324
2025-09-03,https://oilreview.kiev.ua/2025/09/03/yes-z-3-veresnya-znizhuye-stelyu-cin-na-naftu-z-rf-do-476-za-barel-parametri-termini-logichni-naslidki/,STOCKHOLM,UNKNOWN,51,3.4,1.36348864005673
2025-09-03,https://yle.fi/a/7-10083524,STOCKHOLM,UNKNOWN,20,3.0,0.34843205574913
2025-09-03,https://www.expressen.se/ekonomi/aktier-och-bors/preston-haskells-sista-strid-jagas-for-skatteskulder-pa-330-miljoner/,STOCKHOLM,UNKNOWN,120,-4.0,-4.58015267175573
2025-09-03,https://www.tvazteca.com/aztecadeportes/futbolistas-manchester-united-pagaron-vuelos-post-partido-champions-league,STOCKHOLM,UNKNOWN,42,1.9,0.83333333333334
2025-09-03,https://www.infobae.com/america/mundo/2025/09/02/ante-la-amenaza-rusa-reino-unido-negocia-la-construccion-de-fragatas-para-dinamarca-y-suecia/,STOCKHOLM,PARIS,57,8.0,1.12219451371571
2025-09-03,http://www.bignewsnetwork.com/news/278548652/chhattisgarh-cm-vishnu-deo-sai-briefs-amit-shah-regarding-flood-situation-in-bastar-dantewada,MINIST OF LIVESTOCK,AMIT,10,0.0,-5.23076923076923
2025-09-03,https://news.webindia123.com/news/Articles/India/20250903/4356826.html,MINIST OF LIVESTOCK,AMIT,10,0.0,-5.29595015576324
2025-09-03,https://www.thelocal.se/20250903/today-in-sweden-a-roundup-of-the-latest-news-on-wednesday-212,COMPANY,STOCKHOLM,42,1.9,-1.63934426229509
2025-09-03,https://www.thelocal.se/20250903/today-in-sweden-a-roundup-of-the-latest-news-on-wednesday-212,STOCKHOLM,COMPANY,43,2.8,-1.63934426229509
2025-09-03,https://www.sverigesradio.se/artikel/goteborg-stoppar-tio-hvb-hem-hade-domd-personal,CRIMINAL,STOCKHOLM,40,1.0,-5.94315245478036
2025-09-03,https://www.newsinfo.ru/news/carbon-dioxide-protoplanetary-disk/917661/,SCIENTIST,STOCKHOLM,70,7.0,0.2212389380531
2025-09-03,https://www.panarmenian.net/arm/news/325651/,STOCKHOLM,GOVERNMENT,10,0.0,-2.77777777777778
2025-09-03,https://eestikirik.ee/rahusonum-stockholmist,REPRESENTATIVES,STOCKHOLM,42,1.9,2.88461538461539
2025-09-03,https://eestikirik.ee/rahusonum-stockholmist,STOCKHOLM,REPRESENTATIVES,43,2.8,2.88461538461539
2025-09-03,https://www.panarmenian.net/eng/news/325651/,ARMENIA,STOCKHOLM,30,4.0,-6.31970260223048
2025-09-03,https://www.panarmenian.net/eng/news/325651/,JUSTICE MINISTER,STOCKHOLM,30,4.0,-6.31970260223048
2025-09-03,https://www.sverigesradio.se/artikel/goteborg-stoppar-tio-hvb-hem-hade-domd-personal,STOCKHOLM,CRIMINAL,40,1.0,-5.94315245478036
2025-09-03,https://www.sverigesradio.se/artikel/goteborg-stoppar-tio-hvb-hem-hade-domd-personal,STOCKHOLM,AUTHORITIES,46,7.0,-5.94315245478036
2025-09-03,https://www.sverigesradio.se/artikel/goteborg-stoppar-tio-hvb-hem-hade-domd-personal,AUTHORITIES,STOCKHOLM,46,7.0,-5.94315245478036
2025-09-03,https://www.skai.gr/news/world/vretania-proxorimenes-syzitiseis-gia-tin-polisi-polemikon-ploion-se-souidia-kai-dania,STOCKHOLM,UNITED KINGDOM,90,-2.0,-0.74906367041199
2025-09-03,https://www.infobae.com/america/mundo/2025/09/02/ante-la-amenaza-rusa-reino-unido-negocia-la-construccion-de-fragatas-para-dinamarca-y-suecia/,PARIS,STOCKHOLM,57,8.0,1.12219451371571
2025-09-02,https://www.energyglobal.com/wind/02092025/skyborn-secures-all-major-contractors-for-gennaker-offshore-wind-farm/,ROSTOCK,UNKNOWN,51,3.4,4.51977401129944
2025-09-02,https://www.lenouveleconomiste.fr/3-septembre-1967-dagen-h-128044/,STOCKHOLM,UNKNOWN,111,-2.0,-1.23456790123456
2025-09-02,https://www.lenouveleconomiste.fr/3-septembre-1967-dagen-h-128044/,STOCKHOLM,UNKNOWN,141,-6.5,-1.23456790123456
2025-09-02,https://oilreview.kiev.ua/2025/09/02/znizhka-na-naftu-urals-dlya-indi%D1%97-zrostaye-na-tli-tisku-z-boku-ssha/,STOCKHOLM,UNKNOWN,51,3.4,1.09289617486339
2025-09-02,http://www.prnewswire.com/news-releases/eqt-foundation-opens-applications-for-breakthrough-research-grant-in-rare-diseases-302543786.html,STOCKHOLM,UNKNOWN,20,3.0,3.00429184549356
2025-09-02,https://www.gd.se/artikel/izabella-tackade-for-sin-tid-i-gavle-forsamling/,STOCKHOLM,UNKNOWN,42,1.9,2.65486725663717
2025-09-02,https://www.zazoom.it/2025-09-02/la-futura-regina-inizia-il-suo-ultimo-anno-di-addestramento-militare-ed-e-pronta-a-decollare/17669887/,STOCKHOLM,UNKNOWN,42,1.9,3.31491712707182
2025-09-02,https://www.finanznachrichten.de/nachrichten-2025-09/66330836-eqt-foundation-opens-applications-for-breakthrough-research-grant-in-rare-diseases-008.htm,STOCKHOLM,UNKNOWN,20,3.0,1.78571428571428
2025-09-02,https://www.finanznachrichten.de/nachrichten-2025-09/66326350-karo-healthcare-strengthens-its-portfolio-of-skin-health-brands-in-northern-europe-008.htm,STOCKHOLM,UNKNOWN,111,-2.0,6.47639956092206
2025-09-02,https://wrp.org.uk/features/gazans-wont-move-one-million-refuse-to-be-displaced-to-the-south/,STOCKHOLM,JOURNALIST,190,-10.0,-8.3690987124464
2025-09-02,https://www.gd.se/artikel/izabella-tackade-for-sin-tid-i-gavle-forsamling/,UNKNOWN,STOCKHOLM,43,2.8,2.65486725663717
2025-09-02,https://www.gd.se/artikel/izabella-tackade-for-sin-tid-i-gavle-forsamling/,CHRISTIAN,STOCKHOLM,43,2.8,2.65486725663717
2025-09-02,https://www.gd.se/artikel/izabella-tackade-for-sin-tid-i-gavle-forsamling/,STOCKHOLM,CHRISTIAN,42,1.9,2.65486725663717
2025-09-02,https://www.gp.se/politik/flyktingkrisen-forandrade-svensk-politik-i-grunden.fadca75f-fc4c-4a2c-8411-5d09cba7e4cc,STOCKHOLM,PRIME MINISTER,51,3.4,-2.94627383015598
2025-09-02,https://www.rogerebert.com/short-films-in-focus/short-films-in-focus-joe-hunting-on-the-reality-of-hope,UNKNOWN,STOCKHOLM,42,1.9,2.18818380743982
2025-09-07,https://yle.fi/a/7-10083864,STOCKHOLM,UNKNOWN,40,1.0,-1.68067226890756
2025-09-07,https://yle.fi/a/7-10083864,STOCKHOLM,UNKNOWN,42,1.9,-1.68067226890756
2025-09-07,https://tass.ru/proisshestviya/24987203,STOCKHOLM,VIENNA,161,-4.0,-2.95698924731183
2025-09-07,https://www.philstar.com/headlines/2025/09/08/2471305/philippine-signs-donation-deal-stockholm-university,STOCKHOLM,PHILIPPINE,57,8.0,4.12844036697247
2025-09-07,https://yle.fi/a/7-10083864,UNKNOWN,STOCKHOLM,40,1.0,-1.68067226890756
2025-09-07,https://yle.fi/a/7-10083864,UNKNOWN,STOCKHOLM,43,2.8,-1.68067226890756
2025-09-07,https://tass.ru/proisshestviya/24987203,MOSCOW,STOCKHOLM,20,3.0,-2.95698924731183
2025-09-07,https://www.philstar.com/headlines/2025/09/08/2471305/philippine-signs-donation-deal-stockholm-university,PHILIPPINE,STOCKHOLM,70,7.0,4.12844036697247
2025-09-07,https://www.philstar.com/headlines/2025/09/08/2471305/philippine-signs-donation-deal-stockholm-university,PHILIPPINE,STOCKHOLM,57,8.0,4.12844036697247
2025-09-07,https://ria.ru/20250907/zakharova-2040284293.html,MOSCOW,STOCKHOLM,90,-2.0,-4.08163265306123
2025-09-07,https://www.elpais.cr/2025/09/07/cancilleria-rusa-critica-a-suecia-tras-ataque-contra-su-embajada/,RUSSIAN,STOCKHOLM,111,-2.0,-4.38247011952191
2025-09-07,https://actualidad.rt.com/actualidad/563961-dron-ataca-embajada-rusia-suecia,RUSSIA,STOCKHOLM,120,-4.0,-3.73134328358208
2025-09-05,https://www.etc.se/inrikes/region-stockholm-kraever-naetlaekarbolag-paa-miljonbelopp,STOCKHOLM,UNKNOWN,128,-5.0,0.0
2025-09-05,https://www.telva.com/novias/2025/09/05/68bac62302136ece718b4590.html,STOCKHOLM,UNKNOWN,192,-9.5,5.81395348837209
2025-09-05,https://www.dn.se/mat-dryck/wienerschnitzeln-i-centrum-pa-stockholmskrogar/,STOCKHOLM,UNKNOWN,172,-5.0,0.58479532163743
2025-09-05,https://nettips.dk/fem-europaeiske-fredagslinks/,STOCKHOLM,UNKNOWN,43,2.8,5.42635658914729
2025-09-05,https://www.dn.se/sverige/radhusbrand-utom-kontroll-kande-i-luften-att-det-var-allvarligt/,STOCKHOLM,UNKNOWN,10,0.0,-3.49264705882353
2025-09-05,https://oilreview.kiev.ua/2025/09/05/rosneft-naroshhuye-postachannya-nafti-do-kitayu-cherez-kazaxstan-na-25-mln-trik-paralelno-uzgodzheno-power-of-siberia-2/,STOCKHOLM,UNKNOWN,51,3.4,1.62775500504961
2025-09-05,https://www.quotidianodipuglia.it/regione/centrodestra_conclave_accordo_piu_vicino_d_attis_io_pronto-9048945.html,STOCKHOLM,UNKNOWN,110,-2.0,0.68545316070069
2025-09-05,https://www.bostonglobe.com/2025/09/05/lifestyle/stepping-out-in-stockholm/,STOCKHOLM,UNKNOWN,43,2.8,2.20146764509673
2025-09-05,https://www.panarmenian.net/rus/news/325737/,STOCKHOLM,ARMENIA,25,-0.3,5.14705882352941
2025-09-05,https://dunyanews.tv/en/World/904824-finland-joins-declaration-on-twostate-solution-between-israel-palest,STOCKHOLM,FRENCH,90,-2.0,-3.87755102040817
2025-09-05,https://www.nationalaccordnewspaper.com/zulums-passion-for-livestock-sector-leads-to-strategic-partnerships/,AFRICA,MINIST OF LIVESTOCK,90,-2.0,3.11526479750779
2025-09-05,https://www.nationalaccordnewspaper.com/zulums-passion-for-livestock-sector-leads-to-strategic-partnerships/,PRETORIA,MINIST OF LIVESTOCK,90,-2.0,3.11526479750779
2025-09-05,https://nettips.dk/fem-europaeiske-fredagslinks/,UNKNOWN,STOCKHOLM,42,1.9,5.42635658914729
2025-09-05,https://www.euractiv.com/section/defence/news/firepower-edip-talks-hit-supply-chain-quagmire/,STOCKHOLM,EUROPEAN,20,3.0,0.78186082877248
2025-09-05,https://www.euractiv.com/section/defence/news/firepower-edip-talks-hit-supply-chain-quagmire/,STOCKHOLM,EUROPEAN,74,8.5,0.78186082877248
2025-09-05,https://www.expressen.se/nyheter/politik/kyrkokandidat-ar-haktad-for-grovt-narkotikabrott/,STOCKHOLM,CRIMINAL,173,-5.0,-7.77777777777777
2025-09-05,https://www.bostonglobe.com/2025/09/05/lifestyle/stepping-out-in-stockholm/,UNKNOWN,STOCKHOLM,42,1.9,2.20146764509673
2025-09-05,https://www.aa.com.tr/en/asia-pacific/explainer-peace-by-deterrence-what-do-china-s-top-5-new-weapons-tell-us/3679261,MILITARY,STOCKHOLM,10,0.0,-1.1243851018974
2025-09-05,https://www.marketscreener.com/news/swedish-ex-national-security-adviser-cleared-in-negligence-case-ce7d59d9d881f622,STOCKHOLM,SWEDEN,112,-2.0,-6.32411067193676
2025-09-04,https://oilreview.kiev.ua/2025/09/04/udari-dronami-po-npz-rf-pidnyali-naftu-do-45-tizhnevogo-maksimumu/,STOCKHOLM,UNKNOWN,51,3.4,0.279329608938545
2025-09-03,https://www.globenewswire.com/news-release/2025/09/04/3144785/0/sv/Konsumenter-i-Stockholm-uppmanar-EU-s-ledare-att-skydda-portionsp%C3%A5sar-och-f%C3%B6respr%C3%A5ka-skademinimering.html,UNKNOWN,STOCKHOLM,42,1.9,3.65296803652968
2025-09-04,https://www.startribune.com/germany-leads-a-military-exercise-in-the-baltic-as-tensions-with-russia-simmer/601466913,ROSTOCK,MILITARY,150,-7.2,-0.37593984962406
2025-09-04,https://www.winnipegfreepress.com/world/2025/09/04/germany-leads-a-military-exercise-in-the-baltic-as-tensions-with-russia-simmer,ROSTOCK,MILITARY,150,-7.2,-2.01149425287357
2025-09-04,https://dailytrust.com/how-ai-can-boost-livestock-farmers-income/,NIGERIAN,MINIST OF LIVESTOCK,51,3.4,2.8137310073157
2025-09-04,https://www.newsweek.com/millennial-woman-travels-africa-month-unprepared-happens-next-2124348,UNKNOWN,STOCKHOLM,42,1.9,3.9426523297491
2025-09-04,https://squaremile.com/culture/music/willie-williams-treatment-studio/,MALE,STOCKHOLM,46,7.0,1.22399020807834
2025-09-04,https://www.newswise.com/articles/adaptation-research-chula-s-social-research-institute-to-host-ara-secretariat-driving-global-climate-adaptation-research,SECRETARIAT,STOCKHOLM,36,4.0,5.68720379146919
2025-09-04,https://www.newswise.com/articles/adaptation-research-chula-s-social-research-institute-to-host-ara-secretariat-driving-global-climate-adaptation-research,STOCKHOLM,SECRETARIAT,36,4.0,5.68720379146919
2025-09-04,https://squaremile.com/culture/music/willie-williams-treatment-studio/,STOCKHOLM,UNITED KINGDOM,10,0.0,1.22399020807834
2025-09-04,https://squaremile.com/culture/music/willie-williams-treatment-studio/,STOCKHOLM,MALE,46,7.0,1.22399020807834
2025-09-18,https://observador.pt/2025/09/18/forca-aerea-portuguesa-elevou-nivel-de-prontidao-e-de-treino-devido-a-situacao-internacional/,STOCKHOLM,UNKNOWN,90,-2.0,-0.70588235294118
2025-09-18,https://www.prnewswire.com/news-releases/cumbre-del-premio-angel-donde-se-decidira-el-futuro-de-los-paises-nordicos-302560250.html,STOCKHOLM,UNKNOWN,51,3.4,2.046783625731
2025-09-18,https://wwd.com/accessories-news/eyewear/chimi-narcyss-collab-eyewear-spf-1238088434/,STOCKHOLM,UNKNOWN,111,-2.0,2.68756998880179
2025-09-18,https://www.khaskhabar.com/news/world-news/news-china-and-the-us-begin-talks-on-economic-and-trade-issues-in-spain-news-hindi-1-753006-KKN.html,LONDON,STOCKHOLM,46,7.0,-0.56497175141243
2025-09-18,https://www.khaskhabar.com/news/world-news/news-china-and-the-us-begin-talks-on-economic-and-trade-issues-in-spain-news-hindi-1-753006-KKN.html,STOCKHOLM,LONDON,46,7.0,-0.56497175141243
2025-09-18,"https://www.ndr.de/nachrichten/mecklenburg-vorpommern/kind-bei-pyro-unfall-im-ostseestadion-schwer-verletzt,hansa-282.html",ROSTOCK,UNKNOWN,193,-10.0,-5.0632911392405
2025-09-08,https://www.shorouknews.com/news/view.aspx?cdate=08092025&id=2586a6a8-ce4f-418b-bb78-025d685cda34,STOCKHOLM,UNKNOWN,141,-6.5,-5.84415584415584
2025-09-08,https://www.lavanguardia.com/natural/cambio-climatico/20250908/11036351/jean-baptiste-fressoz-sectores-descarbonizar-deben-decrecer.html,STOCKHOLM,UNKNOWN,36,4.0,-0.74611398963731
2025-09-08,https://www.ciudad.com.ar/cine-y-series/2025/09/08/dominic-monaghan-y-michael-nyqvist-estrenan-el-policial-codigo-100/,STOCKHOLM,UNKNOWN,190,-10.0,-6.0
2025-09-08,http://www.merkur.de/politik/trump-droht-maduro-venezolanische-flugzeuge-abzuschiessen-zr-93922716.html,STOCKHOLM,UNKNOWN,71,7.4,-5.61224489795919
2025-09-07,https://www.bernama.com/en/news.php?id=2464886,KUALA LUMPUR,STOCKHOLM,51,3.4,4.02684563758389
2025-09-08,https://www.euronews.com/next/2025/09/08/can-lovable-the-swedish-vibe-coding-start-up-become-europes-first-trillion-dollar-firm,EUROPEAN,STOCKHOLM,42,1.9,3.67647058823529
2025-09-08,https://www.euronews.com/next/2025/09/08/can-lovable-the-swedish-vibe-coding-start-up-become-europes-first-trillion-dollar-firm,STOCKHOLM,EUROPEAN,43,2.8,3.67647058823529
2025-09-06,https://www.zazoom.it/2025-09-06/gyokeres-in-tribunale-per-il-suo-trasferimento-procuratore-coinvolto-per-legami-con-la-criminalita/17699284/,STOCKHOLM,UNKNOWN,42,1.9,-5.5
2025-09-06,https://www.bt.se/trettiotal-hemlosa-efter-storbranden-forfarligt/,STOCKHOLM,UNKNOWN,190,-10.0,-6.57921600653327
2025-09-06,https://www.zazoom.it/2025-09-06/gyokeres-in-tribunale-per-il-suo-trasferimento-procuratore-coinvolto-per-legami-con-la-criminalita/17699284/,UNKNOWN,STOCKHOLM,43,2.8,-5.5
2025-09-06,https://nyheter24.se/nyheter/inrikes/1417957-en-haktad-efter-dubbelmord-i-kallhall,MALE,STOCKHOLM,193,-10.0,-9.2307692307692
2025-09-07,https://www.semana.com/nacion/articulo/expulsan-de-colombia-a-un-aleman-con-extenso-prontuario-criminal-tenia-circular-roja-de-interpol/202543/,CITIZEN,STOCKHOLM,13,0.4,-6.04395604395605
2025-09-06,https://www.zazoom.it/2025-09-06/gyokeres-in-tribunale-per-il-suo-trasferimento-procuratore-coinvolto-per-legami-con-la-criminalita/17699284/,PROSECUTOR,STOCKHOLM,43,2.8,-5.5
2025-09-06,https://www.zazoom.it/2025-09-06/gyokeres-in-tribunale-per-il-suo-trasferimento-procuratore-coinvolto-per-legami-con-la-criminalita/17699284/,STOCKHOLM,PROSECUTOR,42,1.9,-5.5
2025-09-06,https://www.egyptindependent.com/sharm-el-sheikh-ranks-as-3rd-best-tourist-destination-in-the-world-the-times/,BRITISH,STOCKHOLM,20,3.0,9.30232558139535
2025-09-09,https://www.ostsee-zeitung.de/mecklenburg-vorpommern/oz-kommentar-betrug-mit-ki-an-uni-rostock-gehirn-statt-maschine-XPMUSY5ECZBKFDBK3XYQHP62JI.html,ROSTOCK,ROSTOCK,30,4.0,-1.27659574468085
2025-09-08,https://oilreview.kiev.ua/2025/09/08/ssha-posilyuyut-vijskovu-prisutnist-u-karibskomu-basejni-naslidki-dlya-venesueli-ta-rinkiv-importeriv/,STOCKHOLM,UNKNOWN,51,3.4,1.47977677983744
2025-09-08,https://www.fokus.se/kultur/bokrecension/luuk-gor-vad-som-faller-honom-in/,STOCKHOLM,UNKNOWN,40,1.0,0.17331022530329
2025-09-09,https://www.thehindu.com/sci-tech/science/are-new-neurons-born-in-the-adult-human-brain-study-revives-debate/article70025356.ece,STOCKHOLM,UNKNOWN,90,-2.0,-1.13636363636363
2025-09-08,https://www.vedomosti.ru/politics/news/2025/09/08/1137673-sud-ostavil-karapetyana,STOCKHOLM,UNKNOWN,172,-5.0,-5.20833333333333
2025-09-09,https://www.edenmagnet.com.au/story/9052781/michelin-approved-bep-cuon-wows-with-affordable-vietnamese-cuisine/,STOCKHOLM,SINGAPORE,42,1.9,2.94985250737463
2025-09-09,https://www.portstephensexaminer.com.au/story/9052781/michelin-approved-bep-cuon-wows-with-affordable-vietnamese-cuisine/,STOCKHOLM,SYDNEY,42,1.9,4.34782608695652
2025-09-09,https://www.portstephensexaminer.com.au/story/9052781/michelin-approved-bep-cuon-wows-with-affordable-vietnamese-cuisine/,STOCKHOLM,SINGAPORE,42,1.9,4.34782608695652
2025-09-08,https://sapo.pt/artigo/costa-e-pm-sueco-concordam-aumentar-pressao-sobre-russia-com-mais-sancoes-68bf364b185ba36e5dff2f34,UNKNOWN,STOCKHOLM,40,1.0,-2.85714285714285
2025-09-08,https://www.india.com/news/world/why-did-ukrainian-president-zelensky-support-us-tariffs-on-india-is-now-clear-it-has-pakistan-connection-donald-trump-russia-narendra-modi-china-sco-summit-vladimir-putin-xi-jinping-8062357/,STOCKHOLM,PAKISTAN,60,6.0,0.87108013937282
2025-09-08,https://www.reggio2000.it/2025/09/08/listituto-italiano-di-cultura-di-stoccolma-ospita-levento-conclusivo-di-cameraitalia/,STOCKHOLM,ITALIAN,42,1.9,5.24017467248908
2025-09-08,https://www.reggio2000.it/2025/09/08/listituto-italiano-di-cultura-di-stoccolma-ospita-levento-conclusivo-di-cameraitalia/,ITALIAN,STOCKHOLM,43,2.8,5.24017467248908
2025-09-08,https://www.fokus.se/kultur/bokrecension/luuk-gor-vad-som-faller-honom-in/,UNKNOWN,STOCKHOLM,40,1.0,0.17331022530329
2025-09-09,https://www.portstephensexaminer.com.au/story/9052781/michelin-approved-bep-cuon-wows-with-affordable-vietnamese-cuisine/,SYDNEY,STOCKHOLM,43,2.8,4.34782608695652
2025-09-09,https://www.portstephensexaminer.com.au/story/9052781/michelin-approved-bep-cuon-wows-with-affordable-vietnamese-cuisine/,SINGAPORE,STOCKHOLM,43,2.8,4.34782608695652
2025-09-08,https://www.vedomosti.ru/politics/news/2025/09/08/1137673-sud-ostavil-karapetyana,STOCKHOLM,SWEDEN,172,-5.0,-5.20833333333333
2025-09-08,https://www.dostor.org/5207938,TOURIST,STOCKHOLM,20,3.0,3.15457413249211
2025-09-08,https://www.qatar-tribune.com/article/193283/latest-news/environment-minister-meets-executive-secretary-of-basel-rotterdam-and-stockholm-conventions,ABDULLAH,STOCKHOLM,40,1.0,1.47058823529412
2025-09-08,https://www.qatar-tribune.com/article/193283/latest-news/environment-minister-meets-executive-secretary-of-basel-rotterdam-and-stockholm-conventions,STOCKHOLM,ABDULLAH,40,1.0,1.47058823529412
2025-09-08,https://www.wagmtv.com/2025/09/08/caribou-voters-face-third-budget-vote/,SCHOOL,STOCKHOLM,43,2.8,0.99502487562189
2025-09-08,https://www.wagmtv.com/2025/09/08/caribou-voters-face-third-budget-vote/,STOCKHOLM,SCHOOL,42,1.9,0.99502487562189
2025-09-09,https://chef.se/artiklar/cheftest-petra-lundh-rikspolischef/,STOCKHOLM,UNKNOWN,110,-2.0,0.0334672021419
2025-09-09,https://www.dezeen.com/2025/09/09/gustaf-westman-debut-tableware-collection-ikea/,STOCKHOLM,UNKNOWN,111,-2.0,2.80373831775701
2025-09-09,https://www.wagmtv.com/2025/09/09/rsu39-school-budget-referendum-goes-3rd-vote/,STOCKHOLM,UNKNOWN,14,0.0,-0.48309178743962
2025-09-09,https://www.klikk.no/foreldre/henriette-har-to-sett-med-tvillinger-trodde-det-var-en-spok-7555313,STOCKHOLM,UNKNOWN,43,2.8,-1.78901912399753
2025-09-09,https://www.marketscreener.com/news/lannebo-fonder-joins-axfood-s-nomination-committee-odin-fonder-steps-down-ce7d59dfdd80f222,STOCKHOLM,UNKNOWN,36,4.0,6.66666666666667
2025-09-09,https://www.epochtimes.de/politik/ausland/auch-junge-maedchen-lassen-sich-in-schweden-zunehmend-fuer-gewalttaten-anheuern-a5239989.html,STOCKHOLM,UNKNOWN,46,7.0,-7.42424242424243
2025-09-09,https://hungarytoday.hu/budapest-tops-eu-capitals-for-cheapest-utility-bills-up-to-a-point/,STOCKHOLM,UNKNOWN,130,-4.4,-1.0752688172043
2025-09-09,https://www.elpuntocritico.com/vida-y-estilo/286-espectaculos/217535-a-e-estrena-el-impactante-drama-policial-codigo-100,STOCKHOLM,UNKNOWN,190,-10.0,-4.61538461538461
2025-09-09,https://www.aftonbladet.se/nyheter/a/Oo4oJb/undergraver-allas-framtid-svenska-miljarder-satsas-pa-norsk-olja,STOCKHOLM,UNKNOWN,60,6.0,-0.30674846625767
2025-09-09,https://oilreview.kiev.ua/2025/09/09/aramco-znizhuye-cini-na-zhovtnevi-postachannya-shho-ce-oznachaye-dlya-azi%D1%97-yevropi-ta-ssha/,STOCKHOLM,UNKNOWN,51,3.4,1.10318365705729
2025-09-09,https://www.panarmenian.net/eng/news/325869/,ARMENIA,STOCKHOLM,30,4.0,-2.96296296296297
2025-09-09,https://www.panarmenian.net/eng/news/325877/,ARMENIA,STOCKHOLM,20,3.0,-0.23094688221709
2025-09-09,https://www.golosarmenii.am/%D0%B2-%D0%B0%D1%80%D0%BC%D0%B5%D0%BD%D0%B8%D0%B8-%D0%BA%D1%80%D0%B8%D0%B7%D0%B8%D1%81-%D0%BF%D1%80%D0%B0%D0%B2%D0%B0-%D0%B4%D0%B0%D0%B6%D0%B5-%D0%B2-%D1%81%D0%BE%D0%BC%D0%B0%D0%BB%D0%B8-%D0%BD%D0%B5/,ARMENIAN,STOCKHOLM,10,0.0,-4.13333333333333
2025-09-09,https://www.romatoday.it/eventi/pizza-fest-eataly-ostiense-11-21-settembre-2025.html,STOCKHOLM,ITALY,20,3.0,3.28767123287671
2025-09-09,https://www.romatoday.it/eventi/pizza-fest-eataly-ostiense-11-21-settembre-2025.html,STOCKHOLM,ITALY,51,3.4,3.28767123287671
2025-09-09,https://www.aftonbladet.se/nyheter/a/Oo4oJb/undergraver-allas-framtid-svenska-miljarder-satsas-pa-norsk-olja,STOCKHOLM,SWEDEN,60,6.0,-0.30674846625767
2025-09-09,https://www.klikk.no/foreldre/henriette-har-to-sett-med-tvillinger-trodde-det-var-en-spok-7555313,UNKNOWN,STOCKHOLM,42,1.9,-1.78901912399753
2025-09-09,https://www.gp.se/nyheter/sverige/polisen-ingen-ny-valdsvag.ed1d64d7-c6ed-56df-a1fa-94360570f1a2,MALE,STOCKHOLM,193,-10.0,-10.2204408817635
2025-09-09,https://www.aftonbladet.se/nyheter/a/73WVV4/polisen-ingen-ny-valdsvag,MALE,STOCKHOLM,193,-10.0,-10.0656455142232
2025-09-09,https://www.dezeen.com/2025/09/09/gustaf-westman-debut-tableware-collection-ikea/,STOCKHOLM,DEALER,111,-2.0,2.80373831775701
2025-09-09,https://www.thelocal.se/20250909/if-you-want-to-build-a-future-here-welcome-to-sweden,PARLIAMENTARIAN,STOCKHOLM,874,10.0,0.29615004935835
2025-09-09,https://www.nettavisen.no/okonomi/de-viktigste-sakene-om-norsk-okonomi-og-avisene-tirsdag-9-september-2025/s/5-95-2608031,INVESTOR,STOCKHOLM,42,1.9,-0.68965517241379
2025-09-09,https://www.nettavisen.no/okonomi/de-viktigste-sakene-om-norsk-okonomi-og-avisene-tirsdag-9-september-2025/s/5-95-2608031,STOCKHOLM,INVESTOR,43,2.8,-0.68965517241379
2025-09-09,https://www.therakyatpost.com/living/2025/09/09/swedish-man-opens-ice-kacang-stall-in-stockholm-after-tasting-it-here/,UNKNOWN,STOCKHOLM,42,1.9,-0.52356020942409
2025-09-09,https://www.marketscreener.com/news/lannebo-fonder-joins-axfood-s-nomination-committee-odin-fonder-steps-down-ce7d59dfdd80f222,UNKNOWN,STOCKHOLM,36,4.0,6.66666666666667
2025-09-09,https://www.mudgeeguardian.com.au/story/9052781/michelin-approved-bep-cuon-wows-with-affordable-vietnamese-cuisine/,SYDNEY,STOCKHOLM,43,2.8,4.41176470588235
2025-09-09,https://www.mudgeeguardian.com.au/story/9052781/michelin-approved-bep-cuon-wows-with-affordable-vietnamese-cuisine/,STOCKHOLM,SYDNEY,42,1.9,4.41176470588235
2025-09-09,https://www.epochtimes.de/politik/ausland/auch-junge-maedchen-lassen-sich-in-schweden-zunehmend-fuer-gewalttaten-anheuern-a5239989.html,UNKNOWN,STOCKHOLM,46,7.0,-7.42424242424243
2025-09-09,https://www.helsinkitimes.fi/world-int/27877-data-breach-hits-40-000-stockholm-city-employees.html,EMPLOYEE,STOCKHOLM,36,4.0,-6.89655172413793
2025-09-09,https://www.helsinkitimes.fi/world-int/27877-data-breach-hits-40-000-stockholm-city-employees.html,STOCKHOLM,EMPLOYEE,36,4.0,-6.89655172413793
2025-09-09,https://www.panarmenian.net/eng/news/325877/,HAYASTAN,STOCKHOLM,20,3.0,-0.23094688221709
2025-09-11,https://en.gmw.cn/2025-09/11/content_38278625.htm,PARIS,STOCKHOLM,256,-0.3,-7.15909090909091
2025-09-10,https://korrespondent.net/world/4814812-ataka-na-polshu-shvetsyia-predostavyt-samolety-y-sredstva-pvo,STOCKHOLM,MILITARY,10,0.0,0.0
2025-09-10,https://www.eremnews.com/news/arab-world/2umw41s,KHARTOUM,STOCKHOLM,190,-10.0,-3.125
2025-09-10,https://www.eremnews.com/news/arab-world/2umw41s,STOCKHOLM,KHARTOUM,190,-10.0,-3.125
2025-09-11,https://nyheter24.se/nyheter/inrikes/1418373-polisen-ingen-ny-valdsvag,MALE,STOCKHOLM,193,-10.0,-10.1818181818181
2025-09-11,https://es.euronews.com/next/2025/09/10/podra-lovable-la-start-up-sueca-de-vibe-coding-convertirse-en-la-primera-europea-de-un-bil,EUROPEAN,STOCKHOLM,42,1.9,1.01137800252845
2025-09-11,https://es.euronews.com/next/2025/09/10/podra-lovable-la-start-up-sueca-de-vibe-coding-convertirse-en-la-primera-europea-de-un-bil,STOCKHOLM,EUROPEAN,43,2.8,1.01137800252845
2025-09-11,https://www.gp.se/debatt/privata-vardforetagare-blundar-for-hur-driftsformen-i-sig-mojliggor-valfardsbrottslighet.a6a2a05e-bec3-4a72-9f01-5a9146925256,STOCKHOLM,COMPANIES,20,3.0,-5.82241630276565
2025-09-10,https://www.wagmtv.com/2025/09/10/rsu-39-referendum-vote-passes-third-round/,STOCKHOLM,STOCKHOLM,110,-2.0,1.58730158730159
2025-09-10,https://pda.kp.ru/online/news/6564757/,STOCKHOLM,POLISH,150,-7.2,-4.32098765432099
2025-09-11,https://en.gmw.cn/2025-09/11/content_38278625.htm,LONDON,STOCKHOLM,256,-0.3,-7.15909090909091
2025-09-18,https://abnews.ru/news/2025/9/18/finlyandiya-vyrubaet-les-radi-spaseniya-ekonomiki,HELSINKI,STOCKHOLM,10,0.0,-1.16959064327486
2025-09-11,https://www.investors.com/news/klarna-stock-hot-ipo-not-day-one-buy/,STOCKHOLM,COMPANIES,331,5.2,2.53164556962025
2025-09-11,https://www.lelezard.com/communique-21935118.html,STOCKHOLM,UNKNOWN,26,4.0,-3.2967032967033
2025-09-11,https://oilreview.kiev.ua/2025/09/11/innovaci%D1%97-yak-klyuch-do-rozvyazannya-energetichno%D1%97-trilemi-globalni-vikliki-ta-mozhlivi-vidpovidi/,STOCKHOLM,UNKNOWN,51,3.4,1.82201602607479
2025-09-11,https://www.etc.se/inrikes/sd-toppen-om-stegrud-vaecker-fraagetecken,STOCKHOLM,UNKNOWN,10,0.0,-3.65853658536586
2025-09-11,https://www.rtvslo.si/svet/zda-s-trumpom-na-celu-spodbujajo-avtokrate-po-vsem-svetu/757262,STOCKHOLM,UNKNOWN,130,-4.4,0.18867924528302
2025-09-11,https://www.se.pl/wiadomosci/exclusive/maz-malgorzaty-pieczynskiej-mieszka-w-innym-kraju-powod-boi-sie-zyc-w-polsce-aa-cWdw-xBuE-YRDR.html,STOCKHOLM,UNKNOWN,42,1.9,0.67681895093062
2025-09-12,https://www.eurasiareview.com/12092025-russia-looks-to-gauge-nato-with-zapad-war-games-heres-what-to-know-analysis/,BELARUS,STOCKHOLM,190,-10.0,-2.85714285714286
2025-09-12,https://www.rferl.org/a/russia-belarus-ukraine-military-war-zapad-drills-exercises/33527752.html,BELARUS,STOCKHOLM,190,-10.0,-3.16455696202531
2025-09-12,http://www.heraldglobe.com/news/278570126/russia-looks-to-gauge-nato-with-zapad-war-games-heres-what-to-know,BELARUS,STOCKHOLM,190,-10.0,-3.21951219512195
2025-09-11,http://www.middleeaststar.com/news/278570126/russia-looks-to-gauge-nato-with-zapad-war-games-heres-what-to-know,BELARUS,STOCKHOLM,190,-10.0,-3.21951219512195
2025-09-11,https://www.n-tv.de/politik/Russland-luegt-es-luegt-auch-in-diesem-Fall-article26025789.html,ROSTOCK,POLISH,90,-2.0,-2.72727272727273
2025-09-11,"https://naszdziennik.pl/swiat/326177,szwecja-i-lotwa-wsparly-polske.html",STOCKHOLM,UKRAINE,111,-2.0,-5.30973451327437
2025-09-11,"https://www.ndr.de/nachrichten/mecklenburg-vorpommern/experte-warnt-norddeutsche-friedensgruppen-im-fokus-russlands,friedensfonds-100.html",RUSSIA,ROSTOCK,20,3.0,-0.7936507936508
2025-09-11,https://www.dn.se/insandare/noterat-av-dns-lasare-den-11-september-3/,KING,STOCKHOLM,20,3.0,-2.7027027027027
2025-09-11,https://www.wabi.tv:443/2025/09/11/caribou-stockholm-voters-pass-25-26-school-budget-after-two-failed-attempts/,STOCKHOLM,STOCKHOLM,110,-2.0,-0.93896713615024
2025-09-11,https://www.expressen.se/nyheter/politik/kallor-jessica-stegrud-sd-och-aktivisten-nick-alinia-ar-ett-par/,MAGAZINE,STOCKHOLM,43,2.8,-2.32758620689655
2025-09-11,https://www.expressen.se/nyheter/politik/kallor-jessica-stegrud-sd-och-aktivisten-nick-alinia-ar-ett-par/,STOCKHOLM,MAGAZINE,42,1.9,-2.32758620689655
2025-09-11,https://publishingperspectives.com/2025/09/lisbons-2025-book-2-0-draws-more-than-700-participants/,STOCKHOLM,MINIST OF EDUCATION,110,-2.0,0.77319587628866
2025-09-11,https://publishingperspectives.com/2025/09/lisbons-2025-book-2-0-draws-more-than-700-participants/,STOCKHOLM,SWEDEN,110,-2.0,0.77319587628866
2025-09-12,https://www.rferl.org/a/russia-belarus-ukraine-military-war-zapad-drills-exercises/33527752.html,BELARUS,STOCKHOLM,190,-10.0,-3.19203457857363
2025-09-11,https://www.chemengonline.com/worley-awarded-feed-verification-contract-for-preem-renewable-fuels-project/,SYDNEY,STOCKHOLM,31,5.2,1.67224080267558
2025-09-11,https://www.chemengonline.com/worley-awarded-feed-verification-contract-for-preem-renewable-fuels-project/,STOCKHOLM,SYDNEY,31,5.2,1.67224080267558
2025-09-12,https://www.ostsee-zeitung.de/lokales/rostock/hartz-und-herzlich-in-rostock-ueberraschungen-bei-sandra-jasmin-und-maik-mit-folgen-fuer-die-kinder-B6DZD2FTWJGOHBYCARCGIE6XQU.html,UNKNOWN,ROSTOCK,43,2.8,2.10772833723654
2025-09-12,https://www.ostsee-zeitung.de/lokales/rostock/hartz-und-herzlich-in-rostock-ueberraschungen-bei-sandra-jasmin-und-maik-mit-folgen-fuer-die-kinder-B6DZD2FTWJGOHBYCARCGIE6XQU.html,ROSTOCK,UNKNOWN,42,1.9,2.10772833723654
2025-09-12,https://oilreview.kiev.ua/2025/09/12/153238/,STOCKHOLM,UNKNOWN,51,3.4,1.73410404624277
2025-09-12,https://www.euronews.com/my-europe/2025/09/12/nuclear-war-can-you-afford-to-survive-heres-how-much-private-bunkers-cost-across-europe,STOCKHOLM,UNKNOWN,43,2.8,-1.09622411693057
2025-09-12,https://profile.ru/news/economy/litva-proigrala-krupnyj-finansovyj-spor-s-gazpromom-232245/,STOCKHOLM,UNKNOWN,110,-2.0,-6.89655172413793
2025-09-12,https://24tv.ua/geopolitics/inozemni-viyska-ukrayini-kudi-yih-napravlyat-zagrozhuvatime-yim_n2913484,STOCKHOLM,UNKNOWN,10,0.0,-2.32558139534883
2025-09-12,https://www.dn.se/kultur/franskt-sa-det-forslar/,STOCKHOLM,FRENCH,20,3.0,0.61728395061728
2025-09-12,https://www.dn.se/kultur/franskt-sa-det-forslar/,STOCKHOLM,FRENCH,172,-5.0,0.61728395061728
2025-09-12,https://www.farodevigo.es/pontevedra/2025/09/12/nuevo-reto-bicicleta-eladio-paz-121478742.html,GALICIA,STOCKHOLM,43,2.8,0.53475935828877
2025-09-12,https://www.finanznachrichten.de/nachrichten-2025-09/66426750-schweden-will-eu-sanktionen-gegen-russische-schattenflotte-003.htm,STOCKHOLM,POLAND,20,3.0,-5.51181102362205
2025-09-12,https://www.farodevigo.es/pontevedra/2025/09/12/nuevo-reto-bicicleta-eladio-paz-121478742.html,STOCKHOLM,GALICIA,42,1.9,0.53475935828877
2025-09-12,https://www.euronews.com/my-europe/2025/09/12/nuclear-war-can-you-afford-to-survive-heres-how-much-private-bunkers-cost-across-europe,UNKNOWN,STOCKHOLM,42,1.9,-1.09622411693057
2025-09-12,https://www.expressen.se/nyheter/politik/sds-gruppledare-linda-lindberg-om-jessica-stegrud/,MAGAZINE,STOCKHOLM,43,2.8,-3.50109409190373
2025-09-12,https://www.expressen.se/nyheter/politik/sds-gruppledare-linda-lindberg-om-jessica-stegrud/,STOCKHOLM,MAGAZINE,42,1.9,-3.50109409190373
2025-09-12,https://www.dn.se/kultur/franskt-sa-det-forslar/,STOCKHOLM,FRANCE,20,3.0,0.61728395061728
2025-09-12,https://www.dn.se/kultur/franskt-sa-det-forslar/,STOCKHOLM,FRANCE,172,-5.0,0.61728395061728
2025-09-12,https://www.dagensmedicin.se/arbetsliv/arbetsmiljo/socialstyrelsen-om-kritiserad-nhv-vard-ett-problem/,STOCKHOLM,HOSPITAL,10,0.0,-3.67647058823529
2025-09-12,https://www.dagensmedicin.se/arbetsliv/arbetsmiljo/socialstyrelsen-om-kritiserad-nhv-vard-ett-problem/,STOCKHOLM,SWEDEN,10,0.0,-3.67647058823529
2025-09-12,https://esctoday.com/201638/sweden-svt-receives-3888-songs-for-melodifestivalen-2026/,EUROPE,STOCKHOLM,43,2.8,3.36134453781513
2025-09-12,https://esctoday.com/201638/sweden-svt-receives-3888-songs-for-melodifestivalen-2026/,STOCKHOLM,EUROPE,42,1.9,3.36134453781513
2025-09-12,https://www.jdsupra.com/legalnews/open-justice-us-style-pilot-scheme-to-1714135/,STOCKHOLM,PUBLICATION,70,7.0,-0.14336917562724
2025-09-17,https://www.welt.de/regionales/mecklenburg-vorpommern/article68cab712416a177d432ade70/Einzugsanordnung-gegen-Ex-Pflegeheimchefin-nicht-rechtens.html,ROSTOCK,UNKNOWN,173,-5.0,-4.78072302907524
2025-09-17,https://eurovoix.com/2025/09/17/%F0%9F%87%B8%F0%9F%87%AA-sweden-melodifestivalen-2026-dates-and-host-cities-announced/,STOCKHOLM,UNKNOWN,36,4.0,1.06100795755968
2025-09-17,https://aip.nu/med-en-tydlig-sjukvardspolitik-kan-s-vinna-valet/,STOCKHOLM,UNKNOWN,130,-4.4,2.33297985153764
2025-09-17,https://oilreview.kiev.ua/2025/09/17/opec-zagostryuye-diskusiyu-shhodo-bazovix-potuzhnostej-yak-pereglyad-steli-na-2027-rik-pererozpodilit-chastki-rinku/,STOCKHOLM,UNKNOWN,51,3.4,1.09289617486339
2025-09-17,https://www.lrt.lt/naujienos/verslas/4/2681286/papiktino-nuolat-keiciami-airbaltic-skrydziu-laikai-niekas-kitas-taip-nedaro,STOCKHOLM,UNKNOWN,43,2.8,-0.74074074074074
2025-09-17,https://www.delo.si/novice/svet/katere-evropske-drzave-ponujajo-najvisje-subvencije-za-nakup-elektricnega-vozila,STOCKHOLM,UNKNOWN,20,3.0,-0.63157894736842
2025-09-17,https://www.realtid.se/karriar-ledarskap/apotekare-far-ringa-vanner-pa-arbetstid/,STOCKHOLM,UNKNOWN,10,0.0,-3.95778364116095
2025-09-17,https://www.thenationalnews.com/news/2025/09/17/super-relieved-tinder-swindler-simon-levievs-victims-celebrate-his-arrest/,STOCKHOLM,UNKNOWN,10,0.0,-2.74790919952211
2025-09-17,https://leadership.ng/miyetti-allah-cautions-against-adaptation-of-foreign-ranching-models/,MINIST OF LIVESTOCK,UNKNOWN,40,1.0,-1.41242937853108
2025-09-17,https://www.panarmenian.net/rus/news/326171/,STOCKHOLM,ARMENIA,25,-0.3,-4.44444444444444
2025-09-17,https://www.ostsee-zeitung.de/mecklenburg-vorpommern/rostocker-polizei-ermittelte-jahrelang-mit-schleuser-in-frankfurt-verhaftet-GKABRSY225H5RKEWHWK2TNRZ7I.html,ROSTOCK,MALE,110,-2.0,-6.4327485380117
2025-09-17,http://colombogazette.com/2025/09/17/sri-lanka-promoted-in-nordic-region-as-premier-tourism-destination,SWEDEN,STOCKHOLM,42,1.9,5.27859237536657
2025-09-17,http://colombogazette.com/2025/09/17/sri-lanka-promoted-in-nordic-region-as-premier-tourism-destination,NATIONALS,STOCKHOLM,42,1.9,5.27859237536657
2025-09-17,https://www.thecattlesite.com/news/us-china-trade-war-marked-by-tit-for-tat-tariffs,CHINESE,STOCKHOLM,26,4.0,-3.63447559709242
2025-09-17,https://www.euronews.com/my-europe/2025/09/17/sweden-and-finland-move-to-safeguard-bioenergy-production,HELSINKI,STOCKHOLM,40,1.0,-1.60857908847185
2025-09-17,https://www.euronews.com/my-europe/2025/09/17/sweden-and-finland-move-to-safeguard-bioenergy-production,STOCKHOLM,HELSINKI,40,1.0,-1.60857908847185
2025-09-17,https://en.globes.co.il/en/article-israels-defense-industry-loses-major-asian-customer-1001521999,STOCKHOLM,ISRAEL,62,7.4,-0.62630480167014
2025-09-17,https://leadership.ng/miyetti-allah-cautions-against-adaptation-of-foreign-ranching-models/,UNKNOWN,MINIST OF LIVESTOCK,40,1.0,-1.41242937853108
2025-09-17,https://leadership.ng/miyetti-allah-cautions-against-adaptation-of-foreign-ranching-models/,MINIST OF LIVESTOCK,NIGERIA,40,1.0,-1.41242937853108
2025-09-17,https://leadership.ng/miyetti-allah-cautions-against-adaptation-of-foreign-ranching-models/,NIGERIA,MINIST OF LIVESTOCK,40,1.0,-1.41242937853108
2025-09-17,https://eurovoix.com/2025/09/17/%F0%9F%87%B8%F0%9F%87%AA-sweden-melodifestivalen-2026-dates-and-host-cities-announced/,UNKNOWN,STOCKHOLM,36,4.0,1.06100795755968
2025-09-17,https://www.lrt.lt/naujienos/verslas/4/2681286/papiktino-nuolat-keiciami-airbaltic-skrydziu-laikai-niekas-kitas-taip-nedaro,UNKNOWN,STOCKHOLM,42,1.9,-0.74074074074074
2025-09-17,https://www.dn.se/insandare/noterat-av-dns-lasare-den-17-september-2/,STOCKHOLM,JEWISH,140,-6.5,-3.63101079489696
2025-09-17,https://www.finanznachrichten.de/nachrichten-2025-09/66464165-nordic-angels-angel-prize-summit-where-the-future-of-the-nordics-will-be-decided-008.htm,INVESTOR,STOCKHOLM,36,4.0,4.06538719203857
2025-09-17,https://www.finanznachrichten.de/nachrichten-2025-09/66464165-nordic-angels-angel-prize-summit-where-the-future-of-the-nordics-will-be-decided-008.htm,STOCKHOLM,INVESTOR,36,4.0,4.06538719203857
2025-09-17,https://www.fokus.se/veckans-fokus/vagval-for-varldens-modernaste-kyrka/,BISHOP,STOCKHOLM,12,-0.4,-0.75783672063382
2025-09-17,https://www.insurancejournal.com/news/international/2025/09/17/839487.htm,EUROPEAN,STOCKHOLM,46,7.0,2.42214532871972
2025-09-17,https://www.insurancejournal.com/news/international/2025/09/17/839487.htm,STOCKHOLM,EUROPEAN,46,7.0,2.42214532871972
2025-09-17,http://colombogazette.com/2025/09/17/sri-lanka-promoted-in-nordic-region-as-premier-tourism-destination,STOCKHOLM,NATIONALS,43,2.8,5.27859237536657
2025-09-17,http://colombogazette.com/2025/09/17/sri-lanka-promoted-in-nordic-region-as-premier-tourism-destination,STOCKHOLM,SWEDEN,43,2.8,5.27859237536657
2025-09-17,https://magyarnemzet.hu/kulfold/2025/09/svedorszag-figyelmezteto-pelda-migracio,POLICE,STOCKHOLM,20,3.0,-7.77027027027027
2025-09-17,https://magyarnemzet.hu/kulfold/2025/09/svedorszag-figyelmezteto-pelda-migracio,SWEDEN,STOCKHOLM,20,3.0,-7.77027027027027
2025-09-17,https://nyheter24.se/noje/kandisar/1420016-skadespelare-kraschade-in-i-vagg-atalas-for-rattfylleri,ACTOR,STOCKHOLM,190,-10.0,-5.57823129251701
2025-09-17,https://www.realtid.se/karriar-ledarskap/apotekare-far-ringa-vanner-pa-arbetstid/,STOCKHOLM,SWEDEN,10,0.0,-3.95778364116095
2025-09-17,https://www.ipsnews.net/2025/09/better-use-of-the-worlds-expertise-in-navigating-the-polycrisis/,AZORES,STOCKHOLM,120,-4.0,0.88495575221239
2025-09-10,https://www.dn.se/kultur/vald-gestaltas-och-ifragasatts-pa-moderna-museet/,STOCKHOLM,UNKNOWN,190,-10.0,-3.52941176470588
2025-09-10,https://www.thelocal.se/20250909/if-you-want-to-build-a-future-here-welcome-to-sweden/,STOCKHOLM,UNKNOWN,43,2.8,0.29615004935835
2025-09-10,https://oilreview.kiev.ua/2025/09/10/saudivska-araviya-gotuye-novu-strategiyu-1-trilionnogo-investicijnogo-fondu/,STOCKHOLM,UNKNOWN,51,3.4,2.25988700564972
2025-09-10,"https://www.polskieradio.pl/395/7786/Artykul/3577311,sweden-to-buy-poland%E2%80%99s-piorun-airdefense-systems",STOCKHOLM,UNKNOWN,10,0.0,2.62172284644195
2025-09-10,https://charter97.org/ru/news/2025/9/10/655166/,STOCKHOLM,FINLAND,111,-2.0,-3.46232179226069
2025-09-10,https://www.indiatvnews.com/news/world/sweden-s-newly-appointed-health-minister-elisabet-lann-collapses-during-press-conference-cites-low-blood-sugar-2025-09-10-1007528,STOCKHOLM,HEALTH MINIST,60,6.0,-3.84615384615385
2025-09-10,https://www.indiatvnews.com/news/world/sweden-s-newly-appointed-health-minister-elisabet-lann-collapses-during-press-conference-cites-low-blood-sugar-2025-09-10-1007528,STOCKHOLM,SWEDEN,60,6.0,-3.84615384615385
2025-09-10,https://www.norran.se/english/engelska/artikel/i-was-guilt-tripped-for-flying-from-skelleftea-to-stockholm/jvd6511j,UNKNOWN,STOCKHOLM,42,1.9,-1.52777777777778
2025-09-10,https://english.news.cn/20250910/4686839fed1849669c4acbdcbbe7a335/c.html,PARIS,STOCKHOLM,256,-0.3,-7.37588652482269
2025-09-10,https://english.news.cn/20250910/4686839fed1849669c4acbdcbbe7a335/c.html,LONDON,STOCKHOLM,256,-0.3,-7.37588652482269
2025-09-10,https://www.norran.se/english/engelska/artikel/i-was-guilt-tripped-for-flying-from-skelleftea-to-stockholm/jvd6511j,POLITICIAN,STOCKHOLM,36,4.0,-1.52777777777778
2025-09-10,https://www.norran.se/english/engelska/artikel/i-was-guilt-tripped-for-flying-from-skelleftea-to-stockholm/jvd6511j,POLITICIAN,STOCKHOLM,42,1.9,-1.52777777777778
2025-09-10,https://www.norran.se/english/engelska/artikel/i-was-guilt-tripped-for-flying-from-skelleftea-to-stockholm/jvd6511j,STOCKHOLM,POLITICIAN,43,2.8,-1.52777777777778
2025-09-10,https://www.norran.se/english/engelska/artikel/i-was-guilt-tripped-for-flying-from-skelleftea-to-stockholm/jvd6511j,STOCKHOLM,SWEDEN,43,2.8,-1.52777777777778
2025-09-10,https://www.norran.se/english/engelska/artikel/i-was-guilt-tripped-for-flying-from-skelleftea-to-stockholm/jvd6511j,SWEDEN,STOCKHOLM,42,1.9,-1.52777777777778
2025-09-10,https://tass.ru/opinions/25012777,EUROPEAN,STOCKHOLM,71,7.4,0.0
2025-09-10,https://www.thelocal.se/20250909/if-you-want-to-build-a-future-here-welcome-to-sweden/,UNKNOWN,STOCKHOLM,42,1.9,0.29615004935835
2025-09-10,https://www.thelocal.se/20250909/if-you-want-to-build-a-future-here-welcome-to-sweden/,PARLIAMENTARIAN,STOCKHOLM,874,10.0,0.29615004935835
2025-09-17,https://www.yucatan.com.mx/imagen/2025/09/16/la-princesa-de-gales-hace-gala-de-buen-humor.html,STOCKHOLM,UNKNOWN,43,2.8,3.45721694036301
2025-09-16,https://www.highsnobiety.com/p/laura-reilly-home-design-lemaire-ralph-lauren-the-row/,STOCKHOLM,UNKNOWN,120,-4.0,2.25563909774436
2025-09-16,https://www.jamaicaobserver.com/2025/09/16/swedish-tinder-swindler-victim-celebrates-arrest/,STOCKHOLM,UNKNOWN,51,3.4,-5.34124629080123
2025-09-16,https://mansheet.net/304302/%D8%AA%D8%AD%D8%B0%D9%8A%D8%B1-%D8%AF%D9%88%D9%84%D9%8A-%D8%B9%D8%A7%D8%AC%D9%84-%D8%AE%D8%A7%D8%B1%D8%AC%D9%8A%D8%A9-%D8%A7%D9%84%D8%B3%D9%88%D9%8A%D8%AF-%D8%AA%D8%AD%D8%B0%D8%B1-%D9%85%D9%86/,STOCKHOLM,UNKNOWN,70,7.0,-11.4130434782609
2025-09-16,https://proletaren.se/artikel/motesarrangor-ar-aktiv-i-hatgrupp-pa-facebook/,STOCKHOLM,UNKNOWN,26,4.0,-1.33928571428572
2025-09-16,https://www.unian.net/world/vzryvy-severnyh-potokah-podozrevaemogo-ukrainca-ekstradiruyut-v-germaniyu-13132593.html,ROSTOCK,UNKNOWN,874,10.0,-6.25
2025-09-16,https://www.panarmenian.net/rus/news/326126/,STOCKHOLM,ARMENIA,25,-0.3,-1.77514792899409
2025-09-16,https://www.moneycontrol.com/world/china-arms-pakistan-as-zardari-visits-military-complex-why-india-needs-to-pay-attention-explainer-article-13551503.html,PAKISTAN,STOCKHOLM,61,6.4,0.35778175313059
2025-09-16,https://frettatiminn.is/16/09/2025/280-stulkur-a-aldrinum-15-til17-ara-kaerdar-fyrir-mord-drap-og-ofbeldi/,STOCKHOLM,FRENCH,40,1.0,-4.76190476190476
2025-09-17,https://dailycaller.com/2025/09/16/italian-court-extradition-suspect-nord-stream-pipelines-explosion-russia-ukraine/,GERMANY,ROSTOCK,100,-5.0,-7.01030927835052
2025-09-16,https://www.mallorcadiario.com/el-vuelo-de-mondo-duplantis-y-el-encanto-de-desire-inglander,PUBLICATION,STOCKHOLM,42,1.9,1.5748031496063
2025-09-16,https://dailypost.ng/2025/09/16/fg-finally-set-to-relocate-cattle-from-abuja-to-grazing-reserves/,MINIST OF LIVESTOCK,MEDIA,10,0.0,2.80898876404494
2025-09-16,https://www.rree.go.cr:443/?sec=servicios&cat=prensa&cont=593&id=8471,KINGDOM,STOCKHOLM,40,1.0,7.5
2025-09-17,https://www.yahoo.com/news/articles/f-16-cleared-peru-next-224555802.html,STOCKHOLM,RUSSIAN,61,6.4,-2.03735144312394
2025-09-17,https://www.yucatan.com.mx/imagen/2025/09/16/la-princesa-de-gales-hace-gala-de-buen-humor.html,UNKNOWN,STOCKHOLM,42,1.9,3.45721694036301
2025-09-16,https://www.dn.se/debatt/var-tacksam-for-aktivisterna-de-kommer-forsvara-sverige/,PRIME MINISTER,STOCKHOLM,20,3.0,0.26595744680851
2025-09-16,https://www.rree.go.cr:443/?sec=servicios&cat=prensa&cont=593&id=8471,PRESIDENT,STOCKHOLM,40,1.0,7.5
2025-09-16,https://www.rree.go.cr:443/?sec=servicios&cat=prensa&cont=593&id=8471,STOCKHOLM,PRESIDENT,40,1.0,7.5
2025-09-16,https://frettatiminn.is/16/09/2025/280-stulkur-a-aldrinum-15-til17-ara-kaerdar-fyrir-mord-drap-og-ofbeldi/,FRENCH,STOCKHOLM,40,1.0,-4.76190476190476
2025-09-16,https://www.prnewswire.com/news-releases/swedish-erp-specialist-implema-expands-to-the-us--new-office-in-raleigh-north-carolina-302557833.html,STOCKHOLM,BUSINESS,43,2.8,2.42085661080074
2025-09-17,https://www.philstar.com/lifestyle/on-the-radar/2025/09/17/2473475/tinder-swindler-victims-celebrate-his-arrest,ISRAELI,STOCKHOLM,13,0.4,-4.74137931034483
2025-09-17,https://www.philstar.com/lifestyle/on-the-radar/2025/09/17/2473475/tinder-swindler-victims-celebrate-his-arrest,NETFLIX,STOCKHOLM,13,0.4,-4.74137931034483
2025-09-16,https://www.mallorcadiario.com/el-vuelo-de-mondo-duplantis-y-el-encanto-de-desire-inglander,STOCKHOLM,PUBLICATION,43,2.8,1.5748031496063
2025-09-16,https://www.riksbank.se/sv/press-och-publicerat/nyheter-och-pressmeddelanden/pressmeddelanden/2025/den-penningpolitiska-presstraffen-i-september-ager-rum-i-malmo/,BANK,STOCKHOLM,40,1.0,0.0
2025-09-16,https://www.riksbank.se/sv/press-och-publicerat/nyheter-och-pressmeddelanden/pressmeddelanden/2025/den-penningpolitiska-presstraffen-i-september-ager-rum-i-malmo/,PARLIAMENT,STOCKHOLM,331,5.2,0.0
2025-09-16,https://www.jamaicaobserver.com/2025/09/16/swedish-tinder-swindler-victim-celebrates-arrest/,ISRAELI,STOCKHOLM,13,0.4,-5.34124629080123
2025-09-17,https://www.philstar.com/lifestyle/on-the-radar/2025/09/17/2473475/tinder-swindler-victims-celebrate-his-arrest,ISRAEL,STOCKHOLM,13,0.4,-4.74137931034483
2025-09-16,https://www.arabnews.com/node/2615544/world,ISRAEL,STOCKHOLM,13,0.4,-5.42168674698796
2025-09-16,https://www.prnewswire.com/news-releases/swedish-erp-specialist-implema-expands-to-the-us--new-office-in-raleigh-north-carolina-302557833.html,BUSINESS,STOCKHOLM,42,1.9,2.42085661080074
2025-09-01,https://www.finanznachrichten.de/nachrichten-2025-09/66322050-eqs-news-skyborn-renewables-gmbh-skyborn-secures-all-major-contractors-for-gennaker-offshore-wind-farm-023.htm,ROSTOCK,UNKNOWN,51,3.4,3.78973105134474
2025-09-01,https://www.firstpost.com/opinion/india-china-reset-sco-summit-trump-tariffs-13929851.html,STOCKHOLM,UNKNOWN,164,-7.0,-0.71669477234402
2025-09-01,https://livenews.co.nz/2025/09/02/skyborn-secures-all-major-contractors-for-gennaker-offshore-wind-farm/,ROSTOCK,UNKNOWN,51,3.4,4.6875
2025-09-01,https://www.miragenews.com/h-pylori-screening-fails-to-curb-gi-bleeds-post-1524809/,STOCKHOLM,UNKNOWN,10,0.0,-9.04836193447738
2025-09-01,https://oilreview.kiev.ua/2025/09/01/wall-street-znizhuye-prognozi-cin-na-naftu-ochikuvannya-padinnya-do-50-za-barel/,STOCKHOLM,UNKNOWN,51,3.4,0.738694495600573
2025-09-01,https://www.thailand-business-news.com/pr-news/skyborn-secures-all-major-contractors-for-gennaker-offshore-wind-farm,ROSTOCK,UNKNOWN,51,3.4,4.51770451770452
2025-09-01,https://medicalxpress.com/news/2025-09-pylori-screening-significantly-upper-gastrointestinal.html,STOCKHOLM,UNKNOWN,10,0.0,-7.41301059001513
2025-09-01,https://sciencebusiness.net/network-updates/stockholm-university-experts-call-major-reforms-intergovernmental-panel-climate,STOCKHOLM,INTERGOVERNMENTAL PANEL ON CLIMATE CHANGE,20,3.0,0.0
2025-09-01,https://www.firstpost.com/opinion/india-china-reset-sco-summit-trump-tariffs-13929851.html,UNKNOWN,STOCKHOLM,164,-7.0,-0.71669477234402
2025-09-01,https://www.miragenews.com/nkg2024-congress-insights-unveiled-in-new-paper-1524941/,STOCKHOLM,CONGRESS,61,6.4,3.07692307692308
2025-09-01,https://sciencebusiness.net/network-updates/stockholm-university-experts-call-major-reforms-intergovernmental-panel-climate,STOCKHOLM,UNITED NATIONS,20,3.0,0.0
2025-09-01,https://timesofoman.com/article/162262-oman-sweden-hold-third-round-of-political-consultations,STOCKHOLM,OMAN,40,1.0,2.29007633587786
2025-09-01,https://e-thessalia.gr/tempi-to-chontro-paraskinio-me-to-porisma-toy-eodasaam-oi-pieseis-stoys-xenoys-ereynites-kai-i-proeidopoiisi-gia-kleisimo-toy-sidirodromoy/,STOCKHOLM,A US,42,1.9,-2.00445434298441
2025-09-01,https://e-thessalia.gr/tempi-to-chontro-paraskinio-me-to-porisma-toy-eodasaam-oi-pieseis-stoys-xenoys-ereynites-kai-i-proeidopoiisi-gia-kleisimo-toy-sidirodromoy/,A US,STOCKHOLM,43,2.8,-2.00445434298441
2025-09-01,https://patriotpost.us/opinion/120488-rent-controls-winners-are-the-well-off-and-the-well-connected-2025-09-01,STOCKHOLM,TENANTS,172,-5.0,0.0836120401337794
2025-09-01,https://timesofoman.com/article/162262-oman-sweden-hold-third-round-of-political-consultations,OMAN,STOCKHOLM,40,1.0,2.29007633587786
