SQLDATE,SourceURL,Actor1Name,Actor2Name,EventCode,GoldsteinScale,AvgTone
20250918,https://www.zonebourse.com/actualite-bourse/electrolux-annonce-la-composition-de-son-comite-de-nomination-trois-nouveaux-membres-ce7d58d9dd8af226,MANUFACTURER,STOCKHOLM,046,7.0,0.0
20250918,https://www.zonebourse.com/actualite-bourse/electrolux-annonce-la-composition-de-son-comite-de-nomination-trois-nouveaux-membres-ce7d58d9dd8af226,STOCKHOLM,MANUFACTURER,046,7.0,0.0
20250918,https://www.prnewswire.com/news-releases/nomination-committee-appointed-for-ab-electrolux-annual-general-meeting-2026-302560566.html,STOCKHOLM,,036,4.0,0.380964820619993
20250918,https://www.prnewswire.com/news-releases/nomination-committee-appointed-for-ab-electrolux-annual-general-meeting-2026-302560566.html,,STOCKHOLM,036,4.0,0.380964820619993
20250918,https://www.globalsecurity.org/military/library/news/2025/09/mil-250916-govse01.htm,STOCKHOLM,BRAZILIAN,040,1.0,1.92307692307692
20250918,https://www.globalsecurity.org/military/library/news/2025/09/mil-250916-govse01.htm,BRAZILIAN,STOCKHOLM,040,1.0,1.92307692307692
20250918,https://www.globalsecurity.org/military/library/news/2025/09/mil-250916-govse01.htm,BRAZIL,STOCKHOLM,040,1.0,1.92307692307692
20250914,https://alsat.mk/lufte-berthamore-a-mund-te-perballoni-mbijetesen-sa-kushtojne-bunkeret-private-ne-te-gjithe-evropen/,STOCKHOLM,,043,2.8,-0.41039671682626
20250913,https://www.zonebourse.com/actualite-bourse/jamieson-greer-ustr-participera-a-madrid-a-des-discussions-avec-des-responsables-chinois-sur-le-co-ce7d59d3df8cf121,STOCKHOLM,,043,2.8,-1.21457489878543
20250913,https://www.zonebourse.com/actualite-bourse/jamieson-greer-ustr-participera-a-madrid-a-des-discussions-avec-des-responsables-chinois-sur-le-co-ce7d59d3df8cf121,,STOCKHOLM,042,1.9,-1.21457489878543
20250914,https://www.wsls.com/business/2025/09/14/china-launches-probes-targeting-us-semiconductors-ahead-of-madrid-trade-talks/,CHINA,STOCKHOLM,010,0.0,-1.75
20250914,http://www.econotimes.com/China-Launches-Chip-Trade-Probe-Ahead-of-US-Talks-in-Spain-1720518,STOCKHOLM,MADRID,040,1.0,-5.3156146179402
20250914,http://www.econotimes.com/China-Launches-Chip-Trade-Probe-Ahead-of-US-Talks-in-Spain-1720518,STOCKHOLM,MADRID,040,1.0,-5.3156146179402
20250914,https://alsat.mk/lufte-berthamore-a-mund-te-perballoni-mbijetesen-sa-kushtojne-bunkeret-private-ne-te-gjithe-evropen/,,STOCKHOLM,042,1.9,-0.41039671682626
20250914,http://www.econotimes.com/China-Launches-Chip-Trade-Probe-Ahead-of-US-Talks-in-Spain-1720518,MADRID,STOCKHOLM,040,1.0,-5.3156146179402
20250914,https://www.wsls.com/business/2025/09/14/china-launches-probes-targeting-us-semiconductors-ahead-of-madrid-trade-talks/,CHINA,STOCKHOLM,010,0.0,-1.75
20250914,http://www.econotimes.com/China-Launches-Chip-Trade-Probe-Ahead-of-US-Talks-in-Spain-1720518,MADRID,STOCKHOLM,040,1.0,-5.3156146179402
20250913,https://www.in.gr/2025/09/13/economy/diethnis-oikonomia/dasmoi-nees-synomilies-ipa-kinas-stin-ispaniki-proteyousa/,,STOCKHOLM,040,1.0,-0.5449591280654
20250913,https://biztoc.com/x/3bde08c9875bf8f7,STOCKHOLM,COMPANIES,0331,5.2,0.0
20250913,https://www.aol.co.uk/articles/natalie-massenet-erik-torstensson-former-110322965.html,STOCKHOLM,,010,0.0,2.44498777506112
20250913,https://wattsupwiththat.com/2019/12/15/no-seat-climate-brat-greta-thunberg-learns-the-hard-way-why-most-people-prefer-to-fly/,STOCKHOLM,,036,4.0,-3.61111111111111
20250912,https://oilprice.com/Geopolitics/International/Russia-and-Belarus-Launch-Major-Military-Drills.html,BELARUS,STOCKHOLM,190,-10.0,-2.93560606060606
20250912,https://www.omnia.com.mx/noticia/396264/el-salvador-es-el-pais-con-deterioro-mas-rapido-de-la-democracia-en-america-lati,PANAMA,STOCKHOLM,010,0.0,-3.89908256880734
20250913,https://listindiario.com/las-mundiales/20250912/salvador-pais-deterioro-mas-rapido-democracia-america-latina-informe_874085.html,PANAMA,STOCKHOLM,010,0.0,-3.9080459770115
20250912,https://www.omnia.com.mx/noticia/396264/el-salvador-es-el-pais-con-deterioro-mas-rapido-de-la-democracia-en-america-lati,PANAMA,STOCKHOLM,010,0.0,-3.89908256880734
20250913,https://listindiario.com/las-mundiales/20250912/salvador-pais-deterioro-mas-rapido-democracia-america-latina-informe_874085.html,PANAMA,STOCKHOLM,010,0.0,-3.9080459770115
20250913,https://www.lanacion.com.py/mundo/2025/09/12/informe-critican-a-bukele-el-deterioro-mas-rapido-de-la-democracia-en-america-latina/,PANAMA,STOCKHOLM,010,0.0,-4.48877805486284
20250913,https://english.kyodonews.net:443/articles/-/60996,STOCKHOLM,JAPAN,172,-5.0,-2.0746887966805
20250912,https://blueprint.ng/livestock-ministry-rea-partner-on-renewable-energy-at-grazing-reserves/,MINIST OF LIVESTOCK,ABUJA,013,0.4,4.97076023391813
20250912,https://blueprint.ng/livestock-ministry-rea-partner-on-renewable-energy-at-grazing-reserves/,MINIST OF LIVESTOCK,NIGERIA,057,8.0,4.97076023391813
20250912,https://blueprint.ng/livestock-ministry-rea-partner-on-renewable-energy-at-grazing-reserves/,NIGERIA,MINIST OF LIVESTOCK,057,8.0,4.97076023391813
20250913,https://wattsupwiththat.com/2019/12/15/no-seat-climate-brat-greta-thunberg-learns-the-hard-way-why-most-people-prefer-to-fly/,,STOCKHOLM,036,4.0,-3.61111111111111
20250913,https://www.elconfidencial.com/cultura/2025-09-13/historia-palabra-genocidio-vocablo-guerra-palestina-hecho-polemico_4206977/,COLLEGE,STOCKHOLM,111,-2.0,-8.14299900695134
20250912,https://24tv.ua/geopolitics/ru/inostrannye-vojska-v-ukraine-kuda-ih-napravjat-i-budet-li-ugrozhat-im-rossija-geopolitika-24-kanal_n2913487,STOCKHOLM,EUROPE,010,0.0,-2.60663507109005
20250914,https://www.naftemporiki.gr/finance/world/2005734/stin-ispania-antiprosopeies-ton-ipa-kai-tis-kinas-gia-emporikes-diapragmateyseis/,STOCKHOLM,,040,1.0,-2.2289766970618
20250915,https://thewest.com.au/travel/cruisers-enamoured-with-star-studded-europe--c-19752258,STOCKHOLM,,043,2.8,5.78673602080625
20250915,https://www.elmundo.es/economia/2025/09/14/68c69ef0e85ece811d8b4580.html,STOCKHOLM,,050,3.5,-2.61382799325464
20250914,https://oilreview.kiev.ua/2025/09/14/z-dnem-pracivnikiv-naftovo%D1%97-gazovo%D1%97-ta-naftopererobno%D1%97-promislovosti-ukra%D1%97ni/,STOCKHOLM,,051,3.4,2.23463687150838
20250914,https://www.capital.gr/diethni/3944244/simera-o-tetartos-kuklos-sinoamerikanikon-sunomilion-gia-emporiki-sumfonia-sti-madriti/,STOCKHOLM,,040,1.0,-1.05960264900662
20250915,https://www.elmundo.es/economia/2025/09/14/68c69ef0e85ece811d8b4580.html,STOCKHOLM,,042,1.9,-2.61382799325464
20250915,https://www.elmundo.es/economia/2025/09/14/68c69ef0e85ece811d8b4580.html,STOCKHOLM,,050,3.5,-2.61382799325464
20250914,https://thenationonlineng.net/fg-to-convert-417-grazing-reserves-into-modern-livestock-villages/,MINIST OF LIVESTOCK,,010,0.0,3.29670329670329
20250914,https://www.arabnews.com/node/2615256/pakistan,CHINA,STOCKHOLM,061,6.4,2.86624203821656
20250914,https://www.scmp.com/economy/global-economy/article/3325494/china-us-trade-delegations-kick-fourth-round-talks-madrid,STOCKHOLM,CHINESE,046,7.0,0.0
20250915,https://timesofindia.indiatimes.com/world/us/up-to-china-donald-trump-leaves-tiktoks-us-ban-in-doubt-hints-at-a-factor-that-could-save-app/articleshow/123889597.cms,CHINA,STOCKHOLM,125,-5.0,-2.70880361173815
20250915,https://thewest.com.au/travel/cruisers-enamoured-with-star-studded-europe--c-19752258,STOCKHOLM,UNESCO,043,2.8,5.78673602080625
20250915,https://thewest.com.au/travel/cruisers-enamoured-with-star-studded-europe--c-19752258,,STOCKHOLM,042,1.9,5.78673602080625
20250915,https://thewest.com.au/travel/cruisers-enamoured-with-star-studded-europe--c-19752258,UNESCO,STOCKHOLM,042,1.9,5.78673602080625
20250915,https://thewest.com.au/travel/cruisers-enamoured-with-star-studded-europe--c-19752258,UNESCO,STOCKHOLM,042,1.9,5.78673602080625
20250914,https://www.naftemporiki.gr/finance/world/2005734/stin-ispania-antiprosopeies-ton-ipa-kai-tis-kinas-gia-emporikes-diapragmateyseis/,,STOCKHOLM,040,1.0,-2.2289766970618
20250914,https://www.arabnews.com/node/2615256/pakistan,CHINA,STOCKHOLM,061,6.4,2.86624203821656
20250914,https://www.naftemporiki.gr/finance/world/2005734/stin-ispania-antiprosopeies-ton-ipa-kai-tis-kinas-gia-emporikes-diapragmateyseis/,,STOCKHOLM,040,1.0,-2.2289766970618
20250915,https://www.elmundo.es/economia/2025/09/14/68c69ef0e85ece811d8b4580.html,,STOCKHOLM,043,2.8,-2.61382799325464
20250915,https://www.elmundo.es/economia/2025/09/14/68c69ef0e85ece811d8b4580.html,,STOCKHOLM,050,3.5,-2.61382799325464
20250914,"https://www.wnp.pl/rynki/hiszpania-w-madrycie-rozpoczela-sie-czwarta-runda-rozmow-handlowych-miedzy-usa-a-chinami,984198.html",STOCKHOLM,LONDON,040,1.0,-1.73611111111111
20250914,"https://www.wnp.pl/rynki/hiszpania-w-madrycie-rozpoczela-sie-czwarta-runda-rozmow-handlowych-miedzy-usa-a-chinami,984198.html",STOCKHOLM,LONDON,040,1.0,-1.73611111111111
20250914,https://www.scmp.com/economy/global-economy/article/3325494/china-us-trade-delegations-kick-fourth-round-talks-madrid,CHINESE,STOCKHOLM,046,7.0,0.0
20250914,https://www.naftemporiki.gr/finance/world/2005734/stin-ispania-antiprosopeies-ton-ipa-kai-tis-kinas-gia-emporikes-diapragmateyseis/,,STOCKHOLM,040,1.0,-2.2289766970618
20250915,https://www.elmundo.es/economia/2025/09/14/68c69ef0e85ece811d8b4580.html,,STOCKHOLM,050,3.5,-2.61382799325464
20250914,https://www.dw.com/ru/kitaj-nacal-rassledovania-v-otnosenii-ssa-na-fone-spora-o-mikrocipah/a-73989117,CHINA,STOCKHOLM,010,0.0,-2.56410256410257
20250914,https://evz.ro/suedia-anunta-cea-mai-dura-lege-din-europa-migratie-limitata-reguli-stricte.html,GOVERNMENT,STOCKHOLM,070,7.0,-4.09638554216868
20250915,https://thewest.com.au/travel/cruisers-enamoured-with-star-studded-europe--c-19752258,STOCKHOLM,UNESCO,043,2.8,5.78673602080625
20250914,https://indianexpress.com/article/world/us-china-talks-spain-trade-irritants-tiktok-deadline-10249702/,LONDON,STOCKHOLM,040,1.0,-1.69491525423729
20250914,"https://www.wnp.pl/rynki/hiszpania-w-madrycie-rozpoczela-sie-czwarta-runda-rozmow-handlowych-miedzy-usa-a-chinami,984198.html",LONDON,STOCKHOLM,040,1.0,-1.73611111111111
20250914,https://www.globaltimes.cn/page/202509/1343479.shtml,THE US,STOCKHOLM,010,0.0,-1.83946488294314
20250915,https://timesofindia.indiatimes.com/world/us/up-to-china-donald-trump-leaves-tiktoks-us-ban-in-doubt-hints-at-a-factor-that-could-save-app/articleshow/123889597.cms,CHINA,STOCKHOLM,125,-5.0,-2.70880361173815
20250914,https://www.webpronews.com/fredrik-eklunds-rise-from-adult-films-to-15b-real-estate-empire/,NEW YORK CITY,STOCKHOLM,043,2.8,0.6861063464837
20250915,https://www.newsweek.com/trump-expected-extend-tiktok-divestment-deadline-again-2129751,SPAIN,STOCKHOLM,125,-5.0,-2.81425891181988
20250914,https://indianexpress.com/article/world/us-china-talks-spain-trade-irritants-tiktok-deadline-10249702/,STOCKHOLM,LONDON,040,1.0,-1.69491525423729
20250914,"https://www.wnp.pl/rynki/niedzielne-negocjacje-w-madrycie-delegacje-usa-i-chin-rozmawiaja-o-handlu-fentanylu-i-tiktoku,984198.html",STOCKHOLM,LONDON,040,1.0,-1.52439024390244
20250915,https://timesofindia.indiatimes.com/world/us/up-to-china-donald-trump-leaves-tiktoks-us-ban-in-doubt-hints-at-a-factor-that-could-save-app/articleshow/123889597.cms,STOCKHOLM,LONDON,125,-5.0,-2.70880361173815
20250914,"https://www.wnp.pl/rynki/hiszpania-w-madrycie-rozpoczela-sie-czwarta-runda-rozmow-handlowych-miedzy-usa-a-chinami,984198.html",LONDON,STOCKHOLM,040,1.0,-1.73611111111111
20250914,"https://www.wnp.pl/rynki/niedzielne-negocjacje-w-madrycie-delegacje-usa-i-chin-rozmawiaja-o-handlu-fentanylu-i-tiktoku,984198.html",STOCKHOLM,LONDON,040,1.0,-1.52439024390244
20250914,https://www.capital.gr/diethni/3944244/simera-o-tetartos-kuklos-sinoamerikanikon-sunomilion-gia-emporiki-sumfonia-sti-madriti/,,STOCKHOLM,040,1.0,-1.05960264900662
20250914,https://thenationonlineng.net/fg-to-convert-417-grazing-reserves-into-modern-livestock-villages/,MINIST OF LIVESTOCK,NIGERIA,010,0.0,3.29670329670329
20250914,https://thenationonlineng.net/fg-to-convert-417-grazing-reserves-into-modern-livestock-villages/,MINIST OF LIVESTOCK,NIGERIA,010,0.0,3.29670329670329
20250914,https://www.webpronews.com/fredrik-eklunds-rise-from-adult-films-to-15b-real-estate-empire/,STOCKHOLM,NEW YORK CITY,042,1.9,0.6861063464837
20250915,https://urbanland.uli.org/design-planning/ten-exceptional-projects-named-as-2025-uli-europe-awards-for-excellence-finalists,STOCKHOLM,,051,3.4,3.78469301934398
20250915,https://www.thelocal.de/20250617/in-which-german-cities-are-the-residents-the-happiest,ROSTOCK,,051,3.4,5.69395017793594
20250915,https://fr.euronews.com/my-europe/2025/09/15/stockholm-accuse-orban-de-mensonges-scandaleux-sur-son-systeme-judiciaire,STOCKHOLM,,112,-2.0,-7.58064516129032
20250915,https://www.oikoumene.org/news/resisting-war-conference-brings-theological-insights-to-todays-fraught-world,STOCKHOLM,,051,3.4,-1.84659090909091
20250915,https://www.lrt.lt/naujienos/verslas/4/2678076/kesko-senuku-vadovo-arturo-rakausko-ir-kesko-gincas-suomijoje-dar-nebaigtas,STOCKHOLM,,020,3.0,-0.80385852090032
20250915,https://www.lrt.lt/naujienos/verslas/4/2678076/kesko-senuku-vadovo-arturo-rakausko-ir-kesko-gincas-suomijoje-dar-nebaigtas,STOCKHOLM,,020,3.0,-0.80385852090032
20250915,https://news.day.az/world/1780517.html,STOCKHOLM,,046,7.0,-1.66666666666667
20250915,https://www.newsbomb.gr/kosmos/story/1679507/tik-tok-eimaste-konta-se-symfonia-me-tin-kina-leei-o-besent,STOCKHOLM,,043,2.8,0.35523978685613
20250915,https://thesun.my/world-news/us-and-china-near-tiktok-deal-in-madrid-trade-talks-bessent-says-GM14902307,STOCKHOLM,,043,2.8,-0.17452006980803
20250915,https://www.dcnews.ro/sua-si-china-aproape-de-un-acord-privind-aplicatia-tiktok-dupa-negocierile-de-la-madrid_1007138.html,STOCKHOLM,,043,2.8,1.71428571428571
20250915,https://www.dn.se/brandstudio/polestar/familjen-akte-genom-hela-europa-i-elbil-bekvamaste-bilresan-vi-gjort/,STOCKHOLM,,042,1.9,-1.31233595800525
20250915,https://www.dcnews.ro/sua-si-china-aproape-de-un-acord-privind-aplicatia-tiktok-dupa-negocierile-de-la-madrid_1007138.html,,STOCKHOLM,042,1.9,1.71428571428571
20250915,https://www.aljazeera.com/economy/2025/9/15/us-china-talk-trade-amid-threats-over-russian-oil-tiktok-ban,CHINA,STOCKHOLM,046,7.0,-1.5647226173542
20250915,https://www.aljazeera.com/economy/2025/9/15/us-china-talk-trade-amid-threats-over-russian-oil-tiktok-ban,STOCKHOLM,CHINA,046,7.0,-1.5647226173542
20250915,https://www.aljazeera.com/economy/2025/9/15/us-china-talk-trade-amid-threats-over-russian-oil-tiktok-ban,STOCKHOLM,CHINESE,046,7.0,-1.5647226173542
20250915,https://www.aljazeera.com/economy/2025/9/15/us-china-talk-trade-amid-threats-over-russian-oil-tiktok-ban,STOCKHOLM,CHINA,046,7.0,-1.5647226173542
20250915,https://thesun.my/world-news/us-and-china-near-tiktok-deal-in-madrid-trade-talks-bessent-says-GM14902307,,STOCKHOLM,042,1.9,-0.17452006980803
20250915,https://macaudailytimes.com.mo/china-launches-probes-targeting-us-semiconductors-ahead-of-madrid-trade-talks.html,CHINA,STOCKHOLM,010,0.0,-1.90023752969121
20250915,https://www.lrt.lt/naujienos/verslas/4/2678076/kesko-senuku-vadovo-arturo-rakausko-ir-kesko-gincas-suomijoje-dar-nebaigtas,LITHUANIA,STOCKHOLM,038,7.0,-0.80385852090032
20250915,https://www.stern.de/gesellschaft/regional/mecklenburg-vorpommern/tierseuche--backhaus-mahnt-nach-vogelgrippe-fall-zu-besonderer-vorsicht-36055430.html,ROSTOCK,MINIST,020,3.0,-2.803738317757
20250915,https://www.zeit.de/news/2025-09/15/magdeburg-attentaeter-nahm-schon-frueher-starke-medikamente,POLICE,ROSTOCK,020,3.0,-1.69971671388102
20250915,https://tribuneonlineng.com/fg-uniabuja-veterinary-students-partner-to-tackle-antimicrobial-resistance-crisis/,NIGERIA,MINIST OF LIVESTOCK,051,3.4,-0.47318611987382
20250915,https://www.butlereagle.com/20250915/china-launches-probes-targeting-us-semiconductors-ahead-of-madrid-trade-talks/,SPAIN,STOCKHOLM,010,0.0,-1.45833333333334
20250915,https://www.kuna.net.kw/ArticleDetails.aspx?id=3248532&language=ar,STOCKHOLM,PRESIDENT,070,7.0,-3.57142857142857
20250915,https://www.kuna.net.kw/ArticleDetails.aspx?id=3248532&language=ar,STOCKHOLM,PRESIDENT,070,7.0,-3.57142857142857
20250915,https://news.day.az/world/1780517.html,,STOCKHOLM,046,7.0,-1.66666666666667
20250915,https://www.aljazeera.com/economy/2025/9/15/us-china-talk-trade-amid-threats-over-russian-oil-tiktok-ban,CHINESE,STOCKHOLM,046,7.0,-1.5647226173542
20250915,https://www.aljazeera.com/economy/2025/9/15/us-china-talk-trade-amid-threats-over-russian-oil-tiktok-ban,CHINA,STOCKHOLM,046,7.0,-1.5647226173542
20250915,https://www.oikoumene.org/news/resisting-war-conference-brings-theological-insights-to-todays-fraught-world,LECTURER,STOCKHOLM,020,3.0,-1.84659090909091
20250908,https://pakobserver.net/swedens-health-minister-lann-collapses-before-journalists-in-first-presser/,STOCKHOLM,HEALTH MINIST,060,6.0,-2.04081632653061
20250908,https://pakobserver.net/swedens-health-minister-lann-collapses-before-journalists-in-first-presser/,STOCKHOLM,SWEDEN,060,6.0,-2.04081632653061
20250915,https://www.euronews.com/my-europe/2025/09/15/swedish-prime-minister-rebuffs-orbans-child-assassin-claims-as-outrageous-lies,STOCKHOLM,SWEDEN,014,0.0,-10.8585858585859
20250915,https://www.euronews.com/my-europe/2025/09/15/swedish-prime-minister-rebuffs-orbans-child-assassin-claims-as-outrageous-lies,STOCKHOLM,CRIMINAL,014,0.0,-10.8585858585859
20250915,https://www.golosarmenii.am/%D0%B0%D0%B4%D0%B2%D0%BE%D0%BA%D0%B0%D1%82%D1%8B-%D0%BA%D0%B0%D1%80%D0%B0%D0%BF%D0%B5%D1%82%D1%8F%D0%BD%D0%B0-%D0%BF%D0%BE%D0%B4%D0%B0%D0%B4%D1%83%D1%82-%D1%81%D0%BE%D0%BE%D0%B1%D1%89%D0%B5%D0%BD/,PUBLICATION,STOCKHOLM,010,0.0,0.0
20250915,https://www.finanznachrichten.de/nachrichten-2025-09/66433826-4ig-group-and-elisa-polystar-announce-expanded-partnership-to-enhance-network-service-performance-and-customer-experience-008.htm,STOCKHOLM,HUNGARY,090,-2.0,3.61552028218695
20250915,https://www.firstpost.com/world/as-china-us-negotiate-trade-deal-in-spain-beijing-probes-american-chips-over-dumping-charges-13933863.html,GENEVA,STOCKHOLM,030,4.0,-2.46575342465753
20250915,https://www.firstpost.com/world/as-china-us-negotiate-trade-deal-in-spain-beijing-probes-american-chips-over-dumping-charges-13933863.html,LONDON,STOCKHOLM,030,4.0,-2.46575342465753
20250915,https://www.firstpost.com/world/as-china-us-negotiate-trade-deal-in-spain-beijing-probes-american-chips-over-dumping-charges-13933863.html,LONDON,STOCKHOLM,046,7.0,-2.46575342465753
20250915,https://www.butlereagle.com/20250915/china-launches-probes-targeting-us-semiconductors-ahead-of-madrid-trade-talks/,SPAIN,STOCKHOLM,010,0.0,-1.45833333333334
20250915,https://macaudailytimes.com.mo/china-launches-probes-targeting-us-semiconductors-ahead-of-madrid-trade-talks.html,CHINA,STOCKHOLM,010,0.0,-1.90023752969121
20250915,https://www.lrt.lt/naujienos/verslas/4/2678076/kesko-senuku-vadovo-arturo-rakausko-ir-kesko-gincas-suomijoje-dar-nebaigtas,LITHUANIA,STOCKHOLM,038,7.0,-0.80385852090032
20250915,https://www.firstpost.com/world/as-china-us-negotiate-trade-deal-in-spain-beijing-probes-american-chips-over-dumping-charges-13933863.html,STOCKHOLM,GENEVA,030,4.0,-2.46575342465753
20250915,https://www.firstpost.com/world/as-china-us-negotiate-trade-deal-in-spain-beijing-probes-american-chips-over-dumping-charges-13933863.html,STOCKHOLM,GENEVA,030,4.0,-2.46575342465753
20250915,https://www.firstpost.com/world/as-china-us-negotiate-trade-deal-in-spain-beijing-probes-american-chips-over-dumping-charges-13933863.html,STOCKHOLM,LONDON,030,4.0,-2.46575342465753
20250915,https://www.firstpost.com/world/as-china-us-negotiate-trade-deal-in-spain-beijing-probes-american-chips-over-dumping-charges-13933863.html,STOCKHOLM,LONDON,046,7.0,-2.46575342465753
20250915,https://www.firstpost.com/world/as-china-us-negotiate-trade-deal-in-spain-beijing-probes-american-chips-over-dumping-charges-13933863.html,STOCKHOLM,LONDON,030,4.0,-2.46575342465753
20250915,https://www.firstpost.com/world/as-china-us-negotiate-trade-deal-in-spain-beijing-probes-american-chips-over-dumping-charges-13933863.html,STOCKHOLM,LONDON,046,7.0,-2.46575342465753
20250915,https://www.firstpost.com/world/as-china-us-negotiate-trade-deal-in-spain-beijing-probes-american-chips-over-dumping-charges-13933863.html,GENEVA,STOCKHOLM,030,4.0,-2.46575342465753
20250915,https://www.firstpost.com/world/as-china-us-negotiate-trade-deal-in-spain-beijing-probes-american-chips-over-dumping-charges-13933863.html,LONDON,STOCKHOLM,030,4.0,-2.46575342465753
20250915,https://www.firstpost.com/world/as-china-us-negotiate-trade-deal-in-spain-beijing-probes-american-chips-over-dumping-charges-13933863.html,LONDON,STOCKHOLM,046,7.0,-2.46575342465753
20250915,https://www.newsbomb.gr/kosmos/story/1679507/tik-tok-eimaste-konta-se-symfonia-me-tin-kina-leei-o-besent,,STOCKHOLM,042,1.9,0.35523978685613
20250915,https://www.nordkurier.de/regional/rostock/bringt-wasserstoff-fuer-europa-und-rostock-die-energiewende-3926217,ROSTOCK,,0311,5.2,1.14942528735632
20250916,https://proletaren.se/artikel/israelisk-soldat-forelaste-i-stockholm-hogerdebattorer-sprider-desinformation/,STOCKHOLM,,042,1.9,-6.08228980322004
20250916,https://oilreview.kiev.ua/2025/09/16/yes-mizh-obicyankami-ta-realnistyu-deshevij-rosijskij-spg-i-konkurenciya-na-energetichnix-rinkax/,STOCKHOLM,,051,3.4,2.18579234972677
20250916,https://www.thestar.com.my/business/business-news/2025/09/16/trump039s-trade-war-with-china-in-2025,CHINESE,STOCKHOLM,026,4.0,-3.29218106995885
20250916,http://today.az/news/regions/261999.html,HUNGARIAN,STOCKHOLM,112,-2.0,-9.09090909090908
20250916,https://www.verkkouutiset.fi/a/tama-on-kuvottavaa-ruotsin-ministerit-ryopyttavat-palestiina-aktivisteja/,PROTESTER,STOCKHOLM,042,1.9,-0.43859649122807
20250916,https://thenationonlineng.net/fg-to-relocate-cattle-from-abuja-to-grazing-reserves/,MINIST OF LIVESTOCK,MEDIA,010,0.0,3.21931589537223
20250916,https://www.peoplesdailyng.com/fg-to-relocate-cattle-from-abuja-to-grazing-reserves/,MINIST OF LIVESTOCK,MEDIA,010,0.0,3.34029227557412
20250916,https://thenationonlineng.net/fg-to-relocate-cattle-from-abuja-to-grazing-reserves/,MINIST OF LIVESTOCK,MEDIA,010,0.0,3.21931589537223
20250916,https://proletaren.se/artikel/israelisk-soldat-forelaste-i-stockholm-hogerdebattorer-sprider-desinformation/,,STOCKHOLM,043,2.8,-6.08228980322004
20250916,https://www.thestar.com.my/business/business-news/2025/09/16/trump039s-trade-war-with-china-in-2025,CHINESE,STOCKHOLM,026,4.0,-3.29218106995885
20250916,http://today.az/news/regions/261999.html,HUNGARIAN,STOCKHOLM,111,-2.0,-9.09090909090908
20250916,https://www.verkkouutiset.fi/a/tama-on-kuvottavaa-ruotsin-ministerit-ryopyttavat-palestiina-aktivisteja/,STOCKHOLM,PROTESTER,043,2.8,-0.43859649122807
20250916,https://www.dn.se/debatt/det-gar-inte-att-fortsatta-underfinansiera-sjukvarden/,PREMIER,STOCKHOLM,174,-5.0,-0.7843137254902
20250916,https://www.dn.se/debatt/det-gar-inte-att-fortsatta-underfinansiera-sjukvarden/,PREMIER,STOCKHOLM,174,-5.0,-0.7843137254902
20250916,https://www.dn.se/debatt/det-gar-inte-att-fortsatta-underfinansiera-sjukvarden/,STOCKHOLM,REPRESENTATIVES,010,0.0,-0.7843137254902
20250916,https://www.dn.se/debatt/det-gar-inte-att-fortsatta-underfinansiera-sjukvarden/,STOCKHOLM,STOCKHOLM,010,0.0,-0.7843137254902
20250916,https://www.borsonline.hu/kozelet/2025/09/sved-bandahaborurol-beszelnek-egy-halott,POLICE,STOCKHOLM,020,3.0,-12.2641509433962
20250915,https://www.almanar.com.lb/article/189897/,STOCKHOLM,AUTHORITIES,075,7.0,-0.507614213197971
20250916,https://theindianawaaz.com/us-and-china-to-resume-high-level-talks-in-madrid-to-ease-trade-tensions/,LONDON,STOCKHOLM,040,1.0,-0.7905138339921
20250916,https://theindianawaaz.com/us-and-china-to-resume-high-level-talks-in-madrid-to-ease-trade-tensions/,LONDON,STOCKHOLM,042,1.9,-0.7905138339921
20250916,https://theindianawaaz.com/us-and-china-to-resume-high-level-talks-in-madrid-to-ease-trade-tensions/,LONDON,STOCKHOLM,040,1.0,-0.7905138339921
20250916,https://www.thestar.com.my/business/business-news/2025/09/16/trump039s-trade-war-with-china-in-2025,CHINESE,STOCKHOLM,026,4.0,-3.29218106995885
20250916,http://today.az/news/regions/261999.html,HUNGARIAN,STOCKHOLM,112,-2.0,-9.09090909090908
20250915,"https://biznes.interia.pl/polityka/news-szwecja-zwieksza-budzet-na-obronnosc-chce-wesprzec-polske,nId,22419632",STOCKHOLM,WARSAW,051,3.4,0.52631578947368
20250915,"https://biznes.interia.pl/polityka/news-szwecja-zwieksza-budzet-na-obronnosc-chce-wesprzec-polske,nId,22419632",STOCKHOLM,WARSAW,051,3.4,0.52631578947368
20250916,https://theindianawaaz.com/us-and-china-to-resume-high-level-talks-in-madrid-to-ease-trade-tensions/,LONDON,STOCKHOLM,040,1.0,-0.7905138339921
20250916,https://theindianawaaz.com/us-and-china-to-resume-high-level-talks-in-madrid-to-ease-trade-tensions/,LONDON,STOCKHOLM,042,1.9,-0.7905138339921
20250916,https://theindianawaaz.com/us-and-china-to-resume-high-level-talks-in-madrid-to-ease-trade-tensions/,STOCKHOLM,LONDON,040,1.0,-0.7905138339921
20250916,https://theindianawaaz.com/us-and-china-to-resume-high-level-talks-in-madrid-to-ease-trade-tensions/,STOCKHOLM,LONDON,043,2.8,-0.7905138339921
20250915,https://www.dexerto.com/twitch/twitch-streamers-rescued-by-helicopter-after-getting-stuck-in-swiss-mountains-3251427/,STOCKHOLM,EUROPE,010,0.0,-1.91897654584221
20250916,https://theindianawaaz.com/us-and-china-to-resume-high-level-talks-in-madrid-to-ease-trade-tensions/,STOCKHOLM,LONDON,040,1.0,-0.7905138339921
20250916,https://theindianawaaz.com/us-and-china-to-resume-high-level-talks-in-madrid-to-ease-trade-tensions/,STOCKHOLM,LONDON,043,2.8,-0.7905138339921
20250916,https://theindianawaaz.com/us-and-china-to-resume-high-level-talks-in-madrid-to-ease-trade-tensions/,STOCKHOLM,LONDON,040,1.0,-0.7905138339921
20250918,https://www.expressen.se/nyheter/sverige/gravde-mask-hittade-silverskatt-i-stockholm/,GOVERNMENT,STOCKHOLM,120,-4.0,-1.06382978723404
20250905,https://www.newspim.com/news/view/20250905000885,STOCKHOLM,,012,-0.4,1.60578081091931
20250905,https://www.newspim.com/news/view/20250905000885,STOCKHOLM,,012,-0.4,1.60578081091931
20250906,https://www.yahoo.com/news/articles/grandparents-getting-older-average-heres-003102504.html,ROSTOCK,,042,1.9,-0.68259385665529
20250906,https://www.yahoo.com/news/articles/grandparents-getting-older-average-heres-003102504.html,,ROSTOCK,043,2.8,-0.68259385665529
20250906,https://www.larazon.es/internacional/ejercito-ucraniano-recibira-material-avanzado-final-guerra-estos-aviones-seran-claves-b30m_2025090668b82e22ee9f0221df34159f.html,STOCKHOLM,WARSAW,030,4.0,1.22377622377623
20250906,https://www.larazon.es/internacional/ejercito-ucraniano-recibira-material-avanzado-final-guerra-estos-aviones-seran-claves-b30m_2025090668b82e22ee9f0221df34159f.html,STOCKHOLM,WARSAW,030,4.0,1.22377622377623
20250903,https://www.ostsee-zeitung.de/lokales/rostock/rostock-braucht-720-neue-wohnungen-im-jahr-ist-das-realistisch-W6XIF6G7GRFGXJXE6OXDTOGKLU.html,,ROSTOCK,040,1.0,-0.25773195876289
20250903,https://www.ostsee-zeitung.de/lokales/rostock/rostock-braucht-720-neue-wohnungen-im-jahr-ist-das-realistisch-W6XIF6G7GRFGXJXE6OXDTOGKLU.html,ROSTOCK,,040,1.0,-0.25773195876289
20250903,https://en.protothema.gr/2025/09/03/ecumenical-patriarch-bartholomews-third-visit-to-stockholm-photos/,STOCKHOLM,,051,3.4,4.63071512309496
20250903,https://www.popmatters.com/best-metal-albums-august-2025,STOCKHOLM,,0874,10.0,-5.3639846743295
20250903,https://en.protothema.gr/2025/09/03/ecumenical-patriarch-bartholomews-third-visit-to-stockholm-photos/,,STOCKHOLM,042,1.9,4.63071512309496
20250903,https://www.aftonbladet.se/nyheter/a/XjrmdE/uppgifter-rasistiska-valdsdad-i-centrala-stockholm,,STOCKHOLM,173,-5.0,-11.5288220551378
20250903,https://www.aftonbladet.se/nyheter/a/XjrmdE/uppgifter-rasistiska-valdsdad-i-centrala-stockholm,,STOCKHOLM,180,-9.0,-11.5288220551378
20250904,https://www.travelweekly.com/Europe-Travel/Finnish-brand-Bob-W-debuts-first-Swedish-aparthotel,FINNISH,STOCKHOLM,111,-2.0,2.54237288135593
20250903,https://www.expressen.se/nyheter/sverige/uppgifter-tre-haktade--for-rasistiska-valdsdad/,MALE,STOCKHOLM,173,-5.0,-13.2075471698113
20250903,https://www.miragenews.com/nordic-take-workplace-compliance-social-dialogue-1526609/,EMBASSY,STOCKHOLM,040,1.0,3.10391363022942
20250903,https://www.miragenews.com/nordic-take-workplace-compliance-social-dialogue-1526609/,EMBASSY,STOCKHOLM,042,1.9,3.10391363022942
20250903,https://www.miragenews.com/nordic-take-workplace-compliance-social-dialogue-1526609/,STOCKHOLM,EMBASSY,040,1.0,3.10391363022942
20250903,https://www.miragenews.com/nordic-take-workplace-compliance-social-dialogue-1526609/,STOCKHOLM,EMBASSY,043,2.8,3.10391363022942
20250904,https://insideclimatenews.org/news/04092025/spain-portugal-wildfires-linked-to-global-warming/,PROFESSOR,STOCKHOLM,030,4.0,-2.06254158349967
20250903,https://en.protothema.gr/2025/09/03/ecumenical-patriarch-bartholomews-third-visit-to-stockholm-photos/,LUTHERAN,STOCKHOLM,043,2.8,4.63071512309496
20250903,https://en.protothema.gr/2025/09/03/ecumenical-patriarch-bartholomews-third-visit-to-stockholm-photos/,SAINT,STOCKHOLM,042,1.9,4.63071512309496
20250903,https://en.protothema.gr/2025/09/03/ecumenical-patriarch-bartholomews-third-visit-to-stockholm-photos/,STOCKHOLM,LUTHERAN,042,1.9,4.63071512309496
20250903,https://en.protothema.gr/2025/09/03/ecumenical-patriarch-bartholomews-third-visit-to-stockholm-photos/,STOCKHOLM,SAINT,043,2.8,4.63071512309496
20250903,https://www.aftonbladet.se/nyheter/a/XjrmdE/uppgifter-rasistiska-valdsdad-i-centrala-stockholm,SWEDEN,STOCKHOLM,173,-5.0,-11.5288220551378
20250903,https://www.aftonbladet.se/nyheter/a/XjrmdE/uppgifter-rasistiska-valdsdad-i-centrala-stockholm,SWEDEN,STOCKHOLM,180,-9.0,-11.5288220551378
20250903,https://www.zerohedge.com/political/us-tariffs-top-31-billion-august-new-record-high,TREASURY SECRETARY,STOCKHOLM,044,2.5,-1.54798761609907
20250903,https://www.zerohedge.com/political/us-tariffs-top-31-billion-august-new-record-high,TREASURY SECRETARY,STOCKHOLM,044,2.5,-1.54798761609907
20250904,https://www.travelweekly.com/Europe-Travel/Finnish-brand-Bob-W-debuts-first-Swedish-aparthotel,FINNISH,STOCKHOLM,111,-2.0,2.54237288135593
20250903,https://www.zerohedge.com/political/us-tariffs-top-31-billion-august-new-record-high,UNITED STATES,STOCKHOLM,044,2.5,-1.54798761609907
20250901,http://www.op-online.de/deutschland/mann-vermisstes-maedchen-womoeglich-in-hotel-gelockt-polizei-sucht-14-und-blonden-zr-93909335.html,ROSTOCK,,060,6.0,-0.5952380952381
20250901,https://www.nationalaccordnewspaper.com/tinubu-has-been-fair-to-all-regions-in-nigeria-fg/,MINIST OF LIVESTOCK,,010,0.0,3.14465408805032
20250901,https://www.nationalaccordnewspaper.com/tinubu-has-been-fair-to-all-regions-in-nigeria-fg/,MINIST OF LIVESTOCK,,020,3.0,3.14465408805032
20250901,https://www.nationalaccordnewspaper.com/tinubu-has-been-fair-to-all-regions-in-nigeria-fg/,MINIST OF LIVESTOCK,,010,0.0,3.14465408805032
20250901,https://www.nationalaccordnewspaper.com/tinubu-has-been-fair-to-all-regions-in-nigeria-fg/,MINIST OF LIVESTOCK,,020,3.0,3.14465408805032
20250901,https://www.nationalaccordnewspaper.com/tinubu-has-been-fair-to-all-regions-in-nigeria-fg/,MINIST OF LIVESTOCK,,010,0.0,3.14465408805032
20250901,https://www.nationalaccordnewspaper.com/tinubu-has-been-fair-to-all-regions-in-nigeria-fg/,MINIST OF LIVESTOCK,,020,3.0,3.14465408805032
20250901,https://www.artforum.com/features/carol-rama-paintings-elizabeth-mangini-1234733864/,STOCKHOLM,ROME,042,1.9,-0.74699577784995
20250901,https://www.artforum.com/features/carol-rama-paintings-elizabeth-mangini-1234733864/,ROME,STOCKHOLM,043,2.8,-0.74699577784995
20250901,https://www.artforum.com/features/carol-rama-paintings-elizabeth-mangini-1234733864/,STOCKHOLM,ROME,042,1.9,-0.74699577784995
20250901,https://www.artforum.com/features/carol-rama-paintings-elizabeth-mangini-1234733864/,STOCKHOLM,MILAN,042,1.9,-0.74699577784995
20250901,https://www.artforum.com/features/carol-rama-paintings-elizabeth-mangini-1234733864/,MILAN,STOCKHOLM,043,2.8,-0.74699577784995
20250901,https://www.artforum.com/features/carol-rama-paintings-elizabeth-mangini-1234733864/,ROME,STOCKHOLM,043,2.8,-0.74699577784995
20250903,https://www.ostsee-zeitung.de/lokales/rostock/rostock-vorbestrafter-vergewaltiger-vor-gericht-opfer-schildert-misshandlungen-JISG62UYUBBKZKYKSXEMM5NZBU.html,ROSTOCK,,112,-2.0,-8.14940577249575
20250903,http://www.bignewsnetwork.com/news/278548652/chhattisgarh-cm-vishnu-deo-sai-briefs-amit-shah-regarding-flood-situation-in-bastar-dantewada,MINIST OF LIVESTOCK,,010,0.0,-5.23076923076923
20250903,https://news.webindia123.com/news/Articles/India/20250903/4356826.html,MINIST OF LIVESTOCK,,010,0.0,-5.29595015576324
20250903,https://oilreview.kiev.ua/2025/09/03/yes-z-3-veresnya-znizhuye-stelyu-cin-na-naftu-z-rf-do-476-za-barel-parametri-termini-logichni-naslidki/,STOCKHOLM,,051,3.4,1.36348864005673
20250903,https://yle.fi/a/7-10083524,STOCKHOLM,,020,3.0,0.34843205574913
20250903,https://www.expressen.se/ekonomi/aktier-och-bors/preston-haskells-sista-strid-jagas-for-skatteskulder-pa-330-miljoner/,STOCKHOLM,,120,-4.0,-4.58015267175573
20250903,https://www.tvazteca.com/aztecadeportes/futbolistas-manchester-united-pagaron-vuelos-post-partido-champions-league,STOCKHOLM,,042,1.9,0.83333333333334
20250903,https://www.infobae.com/america/mundo/2025/09/02/ante-la-amenaza-rusa-reino-unido-negocia-la-construccion-de-fragatas-para-dinamarca-y-suecia/,STOCKHOLM,PARIS,057,8.0,1.12219451371571
20250903,http://www.bignewsnetwork.com/news/278548652/chhattisgarh-cm-vishnu-deo-sai-briefs-amit-shah-regarding-flood-situation-in-bastar-dantewada,MINIST OF LIVESTOCK,AMIT,010,0.0,-5.23076923076923
20250903,https://news.webindia123.com/news/Articles/India/20250903/4356826.html,MINIST OF LIVESTOCK,AMIT,010,0.0,-5.29595015576324
20250903,https://www.thelocal.se/20250903/today-in-sweden-a-roundup-of-the-latest-news-on-wednesday-212,COMPANY,STOCKHOLM,042,1.9,-1.63934426229509
20250903,https://www.thelocal.se/20250903/today-in-sweden-a-roundup-of-the-latest-news-on-wednesday-212,COMPANY,STOCKHOLM,042,1.9,-1.63934426229509
20250903,https://www.thelocal.se/20250903/today-in-sweden-a-roundup-of-the-latest-news-on-wednesday-212,STOCKHOLM,COMPANY,043,2.8,-1.63934426229509
20250903,https://www.sverigesradio.se/artikel/goteborg-stoppar-tio-hvb-hem-hade-domd-personal,CRIMINAL,STOCKHOLM,040,1.0,-5.94315245478036
20250903,https://www.newsinfo.ru/news/carbon-dioxide-protoplanetary-disk/917661/,SCIENTIST,STOCKHOLM,070,7.0,0.2212389380531
20250903,https://www.panarmenian.net/arm/news/325651/,STOCKHOLM,GOVERNMENT,010,0.0,-2.77777777777778
20250903,https://eestikirik.ee/rahusonum-stockholmist,REPRESENTATIVES,STOCKHOLM,042,1.9,2.88461538461539
20250903,https://eestikirik.ee/rahusonum-stockholmist,STOCKHOLM,REPRESENTATIVES,043,2.8,2.88461538461539
20250903,https://www.panarmenian.net/eng/news/325651/,ARMENIA,STOCKHOLM,030,4.0,-6.31970260223048
20250903,https://www.panarmenian.net/eng/news/325651/,JUSTICE MINISTER,STOCKHOLM,030,4.0,-6.31970260223048
20250903,https://www.sverigesradio.se/artikel/goteborg-stoppar-tio-hvb-hem-hade-domd-personal,STOCKHOLM,CRIMINAL,040,1.0,-5.94315245478036
20250903,https://www.sverigesradio.se/artikel/goteborg-stoppar-tio-hvb-hem-hade-domd-personal,STOCKHOLM,AUTHORITIES,046,7.0,-5.94315245478036
20250903,https://www.sverigesradio.se/artikel/goteborg-stoppar-tio-hvb-hem-hade-domd-personal,STOCKHOLM,CRIMINAL,040,1.0,-5.94315245478036
20250903,https://www.sverigesradio.se/artikel/goteborg-stoppar-tio-hvb-hem-hade-domd-personal,CRIMINAL,STOCKHOLM,040,1.0,-5.94315245478036
20250903,https://www.sverigesradio.se/artikel/goteborg-stoppar-tio-hvb-hem-hade-domd-personal,AUTHORITIES,STOCKHOLM,046,7.0,-5.94315245478036
20250903,https://www.skai.gr/news/world/vretania-proxorimenes-syzitiseis-gia-tin-polisi-polemikon-ploion-se-souidia-kai-dania,STOCKHOLM,UNITED KINGDOM,090,-2.0,-0.74906367041199
20250903,https://www.skai.gr/news/world/vretania-proxorimenes-syzitiseis-gia-tin-polisi-polemikon-ploion-se-souidia-kai-dania,STOCKHOLM,UNITED KINGDOM,090,-2.0,-0.74906367041199
20250903,https://www.infobae.com/america/mundo/2025/09/02/ante-la-amenaza-rusa-reino-unido-negocia-la-construccion-de-fragatas-para-dinamarca-y-suecia/,PARIS,STOCKHOLM,057,8.0,1.12219451371571
20250902,https://www.energyglobal.com/wind/02092025/skyborn-secures-all-major-contractors-for-gennaker-offshore-wind-farm/,ROSTOCK,,051,3.4,4.51977401129944
20250902,https://www.lenouveleconomiste.fr/3-septembre-1967-dagen-h-128044/,STOCKHOLM,,111,-2.0,-1.23456790123456
20250902,https://www.lenouveleconomiste.fr/3-septembre-1967-dagen-h-128044/,STOCKHOLM,,141,-6.5,-1.23456790123456
20250902,https://oilreview.kiev.ua/2025/09/02/znizhka-na-naftu-urals-dlya-indi%D1%97-zrostaye-na-tli-tisku-z-boku-ssha/,STOCKHOLM,,051,3.4,1.09289617486339
20250902,http://www.prnewswire.com/news-releases/eqt-foundation-opens-applications-for-breakthrough-research-grant-in-rare-diseases-302543786.html,STOCKHOLM,,020,3.0,3.00429184549356
20250902,https://www.gd.se/artikel/izabella-tackade-for-sin-tid-i-gavle-forsamling/,STOCKHOLM,,042,1.9,2.65486725663717
20250902,https://www.energyglobal.com/wind/02092025/skyborn-secures-all-major-contractors-for-gennaker-offshore-wind-farm/,ROSTOCK,,051,3.4,4.51977401129944
20250902,https://www.zazoom.it/2025-09-02/la-futura-regina-inizia-il-suo-ultimo-anno-di-addestramento-militare-ed-e-pronta-a-decollare/17669887/,STOCKHOLM,,042,1.9,3.31491712707182
20250902,https://www.finanznachrichten.de/nachrichten-2025-09/66330836-eqt-foundation-opens-applications-for-breakthrough-research-grant-in-rare-diseases-008.htm,STOCKHOLM,,020,3.0,1.78571428571428
20250902,https://www.finanznachrichten.de/nachrichten-2025-09/66326350-karo-healthcare-strengthens-its-portfolio-of-skin-health-brands-in-northern-europe-008.htm,STOCKHOLM,,111,-2.0,6.47639956092206
20250902,https://wrp.org.uk/features/gazans-wont-move-one-million-refuse-to-be-displaced-to-the-south/,STOCKHOLM,JOURNALIST,190,-10.0,-8.3690987124464
20250902,https://www.gd.se/artikel/izabella-tackade-for-sin-tid-i-gavle-forsamling/,,STOCKHOLM,043,2.8,2.65486725663717
20250902,https://www.gd.se/artikel/izabella-tackade-for-sin-tid-i-gavle-forsamling/,CHRISTIAN,STOCKHOLM,043,2.8,2.65486725663717
20250902,https://www.gd.se/artikel/izabella-tackade-for-sin-tid-i-gavle-forsamling/,STOCKHOLM,CHRISTIAN,042,1.9,2.65486725663717
20250902,https://www.gp.se/politik/flyktingkrisen-forandrade-svensk-politik-i-grunden.fadca75f-fc4c-4a2c-8411-5d09cba7e4cc,STOCKHOLM,PRIME MINISTER,051,3.4,-2.94627383015598
20250902,https://wrp.org.uk/features/gazans-wont-move-one-million-refuse-to-be-displaced-to-the-south/,STOCKHOLM,JOURNALIST,190,-10.0,-8.3690987124464
20250902,https://www.rogerebert.com/short-films-in-focus/short-films-in-focus-joe-hunting-on-the-reality-of-hope,,STOCKHOLM,042,1.9,2.18818380743982
20250907,https://yle.fi/a/7-10083864,STOCKHOLM,,040,1.0,-1.68067226890756
20250907,https://yle.fi/a/7-10083864,STOCKHOLM,,042,1.9,-1.68067226890756
20250907,https://tass.ru/proisshestviya/24987203,STOCKHOLM,VIENNA,161,-4.0,-2.95698924731183
20250907,https://tass.ru/proisshestviya/24987203,STOCKHOLM,VIENNA,161,-4.0,-2.95698924731183
20250907,https://www.philstar.com/headlines/2025/09/08/2471305/philippine-signs-donation-deal-stockholm-university,STOCKHOLM,PHILIPPINE,057,8.0,4.12844036697247
20250907,https://www.philstar.com/headlines/2025/09/08/2471305/philippine-signs-donation-deal-stockholm-university,STOCKHOLM,PHILIPPINE,057,8.0,4.12844036697247
20250907,https://yle.fi/a/7-10083864,,STOCKHOLM,040,1.0,-1.68067226890756
20250907,https://yle.fi/a/7-10083864,,STOCKHOLM,043,2.8,-1.68067226890756
20250907,https://tass.ru/proisshestviya/24987203,MOSCOW,STOCKHOLM,020,3.0,-2.95698924731183
20250907,https://www.philstar.com/headlines/2025/09/08/2471305/philippine-signs-donation-deal-stockholm-university,PHILIPPINE,STOCKHOLM,070,7.0,4.12844036697247
20250907,https://www.philstar.com/headlines/2025/09/08/2471305/philippine-signs-donation-deal-stockholm-university,PHILIPPINE,STOCKHOLM,057,8.0,4.12844036697247
20250907,https://www.philstar.com/headlines/2025/09/08/2471305/philippine-signs-donation-deal-stockholm-university,PHILIPPINE,STOCKHOLM,070,7.0,4.12844036697247
20250907,https://www.philstar.com/headlines/2025/09/08/2471305/philippine-signs-donation-deal-stockholm-university,PHILIPPINE,STOCKHOLM,057,8.0,4.12844036697247
20250907,https://ria.ru/20250907/zakharova-2040284293.html,MOSCOW,STOCKHOLM,090,-2.0,-4.08163265306123
20250907,https://www.philstar.com/headlines/2025/09/08/2471305/philippine-signs-donation-deal-stockholm-university,PHILIPPINE,STOCKHOLM,057,8.0,4.12844036697247
20250907,https://tass.ru/proisshestviya/24987203,MOSCOW,STOCKHOLM,020,3.0,-2.95698924731183
20250907,https://www.elpais.cr/2025/09/07/cancilleria-rusa-critica-a-suecia-tras-ataque-contra-su-embajada/,RUSSIAN,STOCKHOLM,111,-2.0,-4.38247011952191
20250907,https://actualidad.rt.com/actualidad/563961-dron-ataca-embajada-rusia-suecia,RUSSIA,STOCKHOLM,120,-4.0,-3.73134328358208
20250905,https://www.etc.se/inrikes/region-stockholm-kraever-naetlaekarbolag-paa-miljonbelopp,STOCKHOLM,,128,-5.0,0.0
20250905,https://www.telva.com/novias/2025/09/05/68bac62302136ece718b4590.html,STOCKHOLM,,192,-9.5,5.81395348837209
20250905,https://www.dn.se/mat-dryck/wienerschnitzeln-i-centrum-pa-stockholmskrogar/,STOCKHOLM,,172,-5.0,0.58479532163743
20250905,https://nettips.dk/fem-europaeiske-fredagslinks/,STOCKHOLM,,043,2.8,5.42635658914729
20250905,https://www.dn.se/sverige/radhusbrand-utom-kontroll-kande-i-luften-att-det-var-allvarligt/,STOCKHOLM,,010,0.0,-3.49264705882353
20250905,https://oilreview.kiev.ua/2025/09/05/rosneft-naroshhuye-postachannya-nafti-do-kitayu-cherez-kazaxstan-na-25-mln-trik-paralelno-uzgodzheno-power-of-siberia-2/,STOCKHOLM,,051,3.4,1.62775500504961
20250905,https://www.quotidianodipuglia.it/regione/centrodestra_conclave_accordo_piu_vicino_d_attis_io_pronto-9048945.html,STOCKHOLM,,110,-2.0,0.68545316070069
20250905,https://www.bostonglobe.com/2025/09/05/lifestyle/stepping-out-in-stockholm/,STOCKHOLM,,043,2.8,2.20146764509673
20250905,https://www.panarmenian.net/rus/news/325737/,STOCKHOLM,ARMENIA,025,-0.3,5.14705882352941
20250905,https://dunyanews.tv/en/World/904824-finland-joins-declaration-on-twostate-solution-between-israel-palest,STOCKHOLM,FRENCH,090,-2.0,-3.87755102040817
20250905,https://dunyanews.tv/en/World/904824-finland-joins-declaration-on-twostate-solution-between-israel-palest,STOCKHOLM,FRENCH,090,-2.0,-3.87755102040817
20250905,https://www.nationalaccordnewspaper.com/zulums-passion-for-livestock-sector-leads-to-strategic-partnerships/,AFRICA,MINIST OF LIVESTOCK,090,-2.0,3.11526479750779
20250905,https://www.nationalaccordnewspaper.com/zulums-passion-for-livestock-sector-leads-to-strategic-partnerships/,PRETORIA,MINIST OF LIVESTOCK,090,-2.0,3.11526479750779
20250905,https://nettips.dk/fem-europaeiske-fredagslinks/,,STOCKHOLM,042,1.9,5.42635658914729
20250905,https://www.euractiv.com/section/defence/news/firepower-edip-talks-hit-supply-chain-quagmire/,STOCKHOLM,EUROPEAN,020,3.0,0.78186082877248
20250905,https://www.euractiv.com/section/defence/news/firepower-edip-talks-hit-supply-chain-quagmire/,STOCKHOLM,EUROPEAN,020,3.0,0.78186082877248
20250905,https://www.euractiv.com/section/defence/news/firepower-edip-talks-hit-supply-chain-quagmire/,STOCKHOLM,EUROPEAN,074,8.5,0.78186082877248
20250905,https://www.expressen.se/nyheter/politik/kyrkokandidat-ar-haktad-for-grovt-narkotikabrott/,STOCKHOLM,CRIMINAL,173,-5.0,-7.77777777777777
20250905,https://www.bostonglobe.com/2025/09/05/lifestyle/stepping-out-in-stockholm/,,STOCKHOLM,042,1.9,2.20146764509673
20250905,https://www.aa.com.tr/en/asia-pacific/explainer-peace-by-deterrence-what-do-china-s-top-5-new-weapons-tell-us/3679261,MILITARY,STOCKHOLM,010,0.0,-1.1243851018974
20250905,https://www.marketscreener.com/news/swedish-ex-national-security-adviser-cleared-in-negligence-case-ce7d59d9d881f622,STOCKHOLM,SWEDEN,112,-2.0,-6.32411067193676
20250904,https://oilreview.kiev.ua/2025/09/04/udari-dronami-po-npz-rf-pidnyali-naftu-do-45-tizhnevogo-maksimumu/,STOCKHOLM,,051,3.4,0.279329608938545
20250903,https://www.globenewswire.com/news-release/2025/09/04/3144785/0/sv/Konsumenter-i-Stockholm-uppmanar-EU-s-ledare-att-skydda-portionsp%C3%A5sar-och-f%C3%B6respr%C3%A5ka-skademinimering.html,,STOCKHOLM,042,1.9,3.65296803652968
20250903,https://www.globenewswire.com/news-release/2025/09/04/3144785/0/sv/Konsumenter-i-Stockholm-uppmanar-EU-s-ledare-att-skydda-portionsp%C3%A5sar-och-f%C3%B6respr%C3%A5ka-skademinimering.html,,STOCKHOLM,042,1.9,3.65296803652968
20250904,https://www.startribune.com/germany-leads-a-military-exercise-in-the-baltic-as-tensions-with-russia-simmer/601466913,ROSTOCK,MILITARY,150,-7.2,-0.37593984962406
20250904,https://www.winnipegfreepress.com/world/2025/09/04/germany-leads-a-military-exercise-in-the-baltic-as-tensions-with-russia-simmer,ROSTOCK,MILITARY,150,-7.2,-2.01149425287357
20250904,https://www.winnipegfreepress.com/world/2025/09/04/germany-leads-a-military-exercise-in-the-baltic-as-tensions-with-russia-simmer,ROSTOCK,MILITARY,150,-7.2,-2.01149425287357
20250904,https://dailytrust.com/how-ai-can-boost-livestock-farmers-income/,NIGERIAN,MINIST OF LIVESTOCK,051,3.4,2.8137310073157
20250904,https://www.newsweek.com/millennial-woman-travels-africa-month-unprepared-happens-next-2124348,,STOCKHOLM,042,1.9,3.9426523297491
20250904,https://squaremile.com/culture/music/willie-williams-treatment-studio/,MALE,STOCKHOLM,046,7.0,1.22399020807834
20250904,https://www.newswise.com/articles/adaptation-research-chula-s-social-research-institute-to-host-ara-secretariat-driving-global-climate-adaptation-research,SECRETARIAT,STOCKHOLM,036,4.0,5.68720379146919
20250904,https://www.newswise.com/articles/adaptation-research-chula-s-social-research-institute-to-host-ara-secretariat-driving-global-climate-adaptation-research,SECRETARIAT,STOCKHOLM,036,4.0,5.68720379146919
20250904,https://www.newswise.com/articles/adaptation-research-chula-s-social-research-institute-to-host-ara-secretariat-driving-global-climate-adaptation-research,STOCKHOLM,SECRETARIAT,036,4.0,5.68720379146919
20250904,https://squaremile.com/culture/music/willie-williams-treatment-studio/,STOCKHOLM,UNITED KINGDOM,010,0.0,1.22399020807834
20250904,https://squaremile.com/culture/music/willie-williams-treatment-studio/,STOCKHOLM,MALE,046,7.0,1.22399020807834
20250918,https://observador.pt/2025/09/18/forca-aerea-portuguesa-elevou-nivel-de-prontidao-e-de-treino-devido-a-situacao-internacional/,STOCKHOLM,,090,-2.0,-0.70588235294118
20250918,https://www.prnewswire.com/news-releases/cumbre-del-premio-angel-donde-se-decidira-el-futuro-de-los-paises-nordicos-302560250.html,STOCKHOLM,,051,3.4,2.046783625731
20250918,https://wwd.com/accessories-news/eyewear/chimi-narcyss-collab-eyewear-spf-1238088434/,STOCKHOLM,,111,-2.0,2.68756998880179
20250918,https://www.khaskhabar.com/news/world-news/news-china-and-the-us-begin-talks-on-economic-and-trade-issues-in-spain-news-hindi-1-753006-KKN.html,LONDON,STOCKHOLM,046,7.0,-0.56497175141243
20250918,https://www.khaskhabar.com/news/world-news/news-china-and-the-us-begin-talks-on-economic-and-trade-issues-in-spain-news-hindi-1-753006-KKN.html,STOCKHOLM,LONDON,046,7.0,-0.56497175141243
20250918,"https://www.ndr.de/nachrichten/mecklenburg-vorpommern/kind-bei-pyro-unfall-im-ostseestadion-schwer-verletzt,hansa-282.html",ROSTOCK,,193,-10.0,-5.0632911392405
20250908,https://www.shorouknews.com/news/view.aspx?cdate=08092025&id=2586a6a8-ce4f-418b-bb78-025d685cda34,STOCKHOLM,,141,-6.5,-5.84415584415584
20250908,https://www.lavanguardia.com/natural/cambio-climatico/20250908/11036351/jean-baptiste-fressoz-sectores-descarbonizar-deben-decrecer.html,STOCKHOLM,,036,4.0,-0.74611398963731
20250908,https://www.lavanguardia.com/natural/cambio-climatico/20250908/11036351/jean-baptiste-fressoz-sectores-descarbonizar-deben-decrecer.html,STOCKHOLM,,036,4.0,-0.74611398963731
20250908,https://www.ciudad.com.ar/cine-y-series/2025/09/08/dominic-monaghan-y-michael-nyqvist-estrenan-el-policial-codigo-100/,STOCKHOLM,,190,-10.0,-6.0
20250908,http://www.merkur.de/politik/trump-droht-maduro-venezolanische-flugzeuge-abzuschiessen-zr-93922716.html,STOCKHOLM,,071,7.4,-5.61224489795919
20250908,https://www.lavanguardia.com/natural/cambio-climatico/20250908/11036351/jean-baptiste-fressoz-sectores-descarbonizar-deben-decrecer.html,STOCKHOLM,,036,4.0,-0.74611398963731
20250907,https://www.bernama.com/en/news.php?id=2464886,KUALA LUMPUR,STOCKHOLM,051,3.4,4.02684563758389
20250907,https://www.bernama.com/en/news.php?id=2464886,KUALA LUMPUR,STOCKHOLM,051,3.4,4.02684563758389
20250908,https://www.euronews.com/next/2025/09/08/can-lovable-the-swedish-vibe-coding-start-up-become-europes-first-trillion-dollar-firm,EUROPEAN,STOCKHOLM,042,1.9,3.67647058823529
20250908,https://www.euronews.com/next/2025/09/08/can-lovable-the-swedish-vibe-coding-start-up-become-europes-first-trillion-dollar-firm,STOCKHOLM,EUROPEAN,043,2.8,3.67647058823529
20250906,https://www.zazoom.it/2025-09-06/gyokeres-in-tribunale-per-il-suo-trasferimento-procuratore-coinvolto-per-legami-con-la-criminalita/17699284/,STOCKHOLM,,042,1.9,-5.5
20250906,https://www.bt.se/trettiotal-hemlosa-efter-storbranden-forfarligt/,STOCKHOLM,,190,-10.0,-6.57921600653327
20250906,https://www.zazoom.it/2025-09-06/gyokeres-in-tribunale-per-il-suo-trasferimento-procuratore-coinvolto-per-legami-con-la-criminalita/17699284/,,STOCKHOLM,043,2.8,-5.5
20250906,https://nyheter24.se/nyheter/inrikes/1417957-en-haktad-efter-dubbelmord-i-kallhall,MALE,STOCKHOLM,193,-10.0,-9.2307692307692
20250907,https://www.semana.com/nacion/articulo/expulsan-de-colombia-a-un-aleman-con-extenso-prontuario-criminal-tenia-circular-roja-de-interpol/202543/,CITIZEN,STOCKHOLM,013,0.4,-6.04395604395605
20250906,https://www.zazoom.it/2025-09-06/gyokeres-in-tribunale-per-il-suo-trasferimento-procuratore-coinvolto-per-legami-con-la-criminalita/17699284/,PROSECUTOR,STOCKHOLM,043,2.8,-5.5
20250906,https://www.zazoom.it/2025-09-06/gyokeres-in-tribunale-per-il-suo-trasferimento-procuratore-coinvolto-per-legami-con-la-criminalita/17699284/,STOCKHOLM,PROSECUTOR,042,1.9,-5.5
20250906,https://www.egyptindependent.com/sharm-el-sheikh-ranks-as-3rd-best-tourist-destination-in-the-world-the-times/,BRITISH,STOCKHOLM,020,3.0,9.30232558139535
20250906,https://www.egyptindependent.com/sharm-el-sheikh-ranks-as-3rd-best-tourist-destination-in-the-world-the-times/,BRITISH,STOCKHOLM,020,3.0,9.30232558139535
20250906,https://www.egyptindependent.com/sharm-el-sheikh-ranks-as-3rd-best-tourist-destination-in-the-world-the-times/,BRITISH,STOCKHOLM,020,3.0,9.30232558139535
20250909,https://www.ostsee-zeitung.de/mecklenburg-vorpommern/oz-kommentar-betrug-mit-ki-an-uni-rostock-gehirn-statt-maschine-XPMUSY5ECZBKFDBK3XYQHP62JI.html,ROSTOCK,ROSTOCK,030,4.0,-1.27659574468085
20250908,https://oilreview.kiev.ua/2025/09/08/ssha-posilyuyut-vijskovu-prisutnist-u-karibskomu-basejni-naslidki-dlya-venesueli-ta-rinkiv-importeriv/,STOCKHOLM,,051,3.4,1.47977677983744
20250908,https://www.fokus.se/kultur/bokrecension/luuk-gor-vad-som-faller-honom-in/,STOCKHOLM,,040,1.0,0.17331022530329
20250909,https://www.thehindu.com/sci-tech/science/are-new-neurons-born-in-the-adult-human-brain-study-revives-debate/article70025356.ece,STOCKHOLM,,090,-2.0,-1.13636363636363
20250908,https://www.vedomosti.ru/politics/news/2025/09/08/1137673-sud-ostavil-karapetyana,STOCKHOLM,,172,-5.0,-5.20833333333333
20250909,https://www.edenmagnet.com.au/story/9052781/michelin-approved-bep-cuon-wows-with-affordable-vietnamese-cuisine/,STOCKHOLM,SINGAPORE,042,1.9,2.94985250737463
20250909,https://www.portstephensexaminer.com.au/story/9052781/michelin-approved-bep-cuon-wows-with-affordable-vietnamese-cuisine/,STOCKHOLM,SYDNEY,042,1.9,4.34782608695652
20250909,https://www.portstephensexaminer.com.au/story/9052781/michelin-approved-bep-cuon-wows-with-affordable-vietnamese-cuisine/,STOCKHOLM,SINGAPORE,042,1.9,4.34782608695652
20250908,https://sapo.pt/artigo/costa-e-pm-sueco-concordam-aumentar-pressao-sobre-russia-com-mais-sancoes-68bf364b185ba36e5dff2f34,,STOCKHOLM,040,1.0,-2.85714285714285
20250908,https://www.india.com/news/world/why-did-ukrainian-president-zelensky-support-us-tariffs-on-india-is-now-clear-it-has-pakistan-connection-donald-trump-russia-narendra-modi-china-sco-summit-vladimir-putin-xi-jinping-8062357/,STOCKHOLM,PAKISTAN,060,6.0,0.87108013937282
20250908,https://www.reggio2000.it/2025/09/08/listituto-italiano-di-cultura-di-stoccolma-ospita-levento-conclusivo-di-cameraitalia/,STOCKHOLM,ITALIAN,042,1.9,5.24017467248908
20250908,https://www.reggio2000.it/2025/09/08/listituto-italiano-di-cultura-di-stoccolma-ospita-levento-conclusivo-di-cameraitalia/,ITALIAN,STOCKHOLM,043,2.8,5.24017467248908
20250908,https://www.india.com/news/world/why-did-ukrainian-president-zelensky-support-us-tariffs-on-india-is-now-clear-it-has-pakistan-connection-donald-trump-russia-narendra-modi-china-sco-summit-vladimir-putin-xi-jinping-8062357/,STOCKHOLM,PAKISTAN,060,6.0,0.87108013937282
20250908,https://www.fokus.se/kultur/bokrecension/luuk-gor-vad-som-faller-honom-in/,,STOCKHOLM,040,1.0,0.17331022530329
20250909,https://www.portstephensexaminer.com.au/story/9052781/michelin-approved-bep-cuon-wows-with-affordable-vietnamese-cuisine/,SYDNEY,STOCKHOLM,043,2.8,4.34782608695652
20250909,https://www.portstephensexaminer.com.au/story/9052781/michelin-approved-bep-cuon-wows-with-affordable-vietnamese-cuisine/,SINGAPORE,STOCKHOLM,043,2.8,4.34782608695652
20250908,https://www.vedomosti.ru/politics/news/2025/09/08/1137673-sud-ostavil-karapetyana,STOCKHOLM,SWEDEN,172,-5.0,-5.20833333333333
20250909,https://www.portstephensexaminer.com.au/story/9052781/michelin-approved-bep-cuon-wows-with-affordable-vietnamese-cuisine/,SINGAPORE,STOCKHOLM,043,2.8,4.34782608695652
20250909,https://www.portstephensexaminer.com.au/story/9052781/michelin-approved-bep-cuon-wows-with-affordable-vietnamese-cuisine/,STOCKHOLM,SINGAPORE,042,1.9,4.34782608695652
20250908,https://www.dostor.org/5207938,TOURIST,STOCKHOLM,020,3.0,3.15457413249211
20250908,https://www.qatar-tribune.com/article/193283/latest-news/environment-minister-meets-executive-secretary-of-basel-rotterdam-and-stockholm-conventions,ABDULLAH,STOCKHOLM,040,1.0,1.47058823529412
20250908,https://www.qatar-tribune.com/article/193283/latest-news/environment-minister-meets-executive-secretary-of-basel-rotterdam-and-stockholm-conventions,STOCKHOLM,ABDULLAH,040,1.0,1.47058823529412
20250908,https://www.wagmtv.com/2025/09/08/caribou-voters-face-third-budget-vote/,SCHOOL,STOCKHOLM,043,2.8,0.99502487562189
20250908,https://www.wagmtv.com/2025/09/08/caribou-voters-face-third-budget-vote/,STOCKHOLM,SCHOOL,042,1.9,0.99502487562189
20250908,https://www.vedomosti.ru/politics/news/2025/09/08/1137673-sud-ostavil-karapetyana,STOCKHOLM,SWEDEN,172,-5.0,-5.20833333333333
20250908,https://www.reggio2000.it/2025/09/08/listituto-italiano-di-cultura-di-stoccolma-ospita-levento-conclusivo-di-cameraitalia/,ITALIAN,STOCKHOLM,043,2.8,5.24017467248908
20250908,https://www.dostor.org/5207938,TOURIST,STOCKHOLM,020,3.0,3.15457413249211
20250909,https://chef.se/artiklar/cheftest-petra-lundh-rikspolischef/,STOCKHOLM,,110,-2.0,0.0334672021419
20250909,https://www.dezeen.com/2025/09/09/gustaf-westman-debut-tableware-collection-ikea/,STOCKHOLM,,111,-2.0,2.80373831775701
20250909,https://www.wagmtv.com/2025/09/09/rsu39-school-budget-referendum-goes-3rd-vote/,STOCKHOLM,,014,0.0,-0.48309178743962
20250909,https://www.klikk.no/foreldre/henriette-har-to-sett-med-tvillinger-trodde-det-var-en-spok-7555313,STOCKHOLM,,043,2.8,-1.78901912399753
20250909,https://www.marketscreener.com/news/lannebo-fonder-joins-axfood-s-nomination-committee-odin-fonder-steps-down-ce7d59dfdd80f222,STOCKHOLM,,036,4.0,6.66666666666667
20250909,https://www.epochtimes.de/politik/ausland/auch-junge-maedchen-lassen-sich-in-schweden-zunehmend-fuer-gewalttaten-anheuern-a5239989.html,STOCKHOLM,,046,7.0,-7.42424242424243
20250909,https://hungarytoday.hu/budapest-tops-eu-capitals-for-cheapest-utility-bills-up-to-a-point/,STOCKHOLM,,130,-4.4,-1.0752688172043
20250909,https://www.elpuntocritico.com/vida-y-estilo/286-espectaculos/217535-a-e-estrena-el-impactante-drama-policial-codigo-100,STOCKHOLM,,190,-10.0,-4.61538461538461
20250909,https://www.aftonbladet.se/nyheter/a/Oo4oJb/undergraver-allas-framtid-svenska-miljarder-satsas-pa-norsk-olja,STOCKHOLM,,060,6.0,-0.30674846625767
20250909,https://oilreview.kiev.ua/2025/09/09/aramco-znizhuye-cini-na-zhovtnevi-postachannya-shho-ce-oznachaye-dlya-azi%D1%97-yevropi-ta-ssha/,STOCKHOLM,,051,3.4,1.10318365705729
20250909,https://www.panarmenian.net/eng/news/325869/,ARMENIA,STOCKHOLM,030,4.0,-2.96296296296297
20250909,https://www.panarmenian.net/eng/news/325877/,ARMENIA,STOCKHOLM,020,3.0,-0.23094688221709
20250909,https://www.golosarmenii.am/%D0%B2-%D0%B0%D1%80%D0%BC%D0%B5%D0%BD%D0%B8%D0%B8-%D0%BA%D1%80%D0%B8%D0%B7%D0%B8%D1%81-%D0%BF%D1%80%D0%B0%D0%B2%D0%B0-%D0%B4%D0%B0%D0%B6%D0%B5-%D0%B2-%D1%81%D0%BE%D0%BC%D0%B0%D0%BB%D0%B8-%D0%BD%D0%B5/,ARMENIAN,STOCKHOLM,010,0.0,-4.13333333333333
20250909,https://www.romatoday.it/eventi/pizza-fest-eataly-ostiense-11-21-settembre-2025.html,STOCKHOLM,ITALY,020,3.0,3.28767123287671
20250909,https://www.romatoday.it/eventi/pizza-fest-eataly-ostiense-11-21-settembre-2025.html,STOCKHOLM,ITALY,051,3.4,3.28767123287671
20250909,https://www.aftonbladet.se/nyheter/a/Oo4oJb/undergraver-allas-framtid-svenska-miljarder-satsas-pa-norsk-olja,STOCKHOLM,SWEDEN,060,6.0,-0.30674846625767
20250909,https://www.klikk.no/foreldre/henriette-har-to-sett-med-tvillinger-trodde-det-var-en-spok-7555313,,STOCKHOLM,042,1.9,-1.78901912399753
20250909,https://www.golosarmenii.am/%D0%B2-%D0%B0%D1%80%D0%BC%D0%B5%D0%BD%D0%B8%D0%B8-%D0%BA%D1%80%D0%B8%D0%B7%D0%B8%D1%81-%D0%BF%D1%80%D0%B0%D0%B2%D0%B0-%D0%B4%D0%B0%D0%B6%D0%B5-%D0%B2-%D1%81%D0%BE%D0%BC%D0%B0%D0%BB%D0%B8-%D0%BD%D0%B5/,ARMENIAN,STOCKHOLM,010,0.0,-4.13333333333333
20250909,https://www.gp.se/nyheter/sverige/polisen-ingen-ny-valdsvag.ed1d64d7-c6ed-56df-a1fa-94360570f1a2,MALE,STOCKHOLM,193,-10.0,-10.2204408817635
20250909,https://www.aftonbladet.se/nyheter/a/73WVV4/polisen-ingen-ny-valdsvag,MALE,STOCKHOLM,193,-10.0,-10.0656455142232
20250909,https://www.dezeen.com/2025/09/09/gustaf-westman-debut-tableware-collection-ikea/,STOCKHOLM,DEALER,111,-2.0,2.80373831775701
20250909,https://www.thelocal.se/20250909/if-you-want-to-build-a-future-here-welcome-to-sweden,PARLIAMENTARIAN,STOCKHOLM,0874,10.0,0.29615004935835
20250909,https://www.nettavisen.no/okonomi/de-viktigste-sakene-om-norsk-okonomi-og-avisene-tirsdag-9-september-2025/s/5-95-2608031,INVESTOR,STOCKHOLM,042,1.9,-0.68965517241379
20250909,https://www.nettavisen.no/okonomi/de-viktigste-sakene-om-norsk-okonomi-og-avisene-tirsdag-9-september-2025/s/5-95-2608031,STOCKHOLM,INVESTOR,043,2.8,-0.68965517241379
20250909,https://www.therakyatpost.com/living/2025/09/09/swedish-man-opens-ice-kacang-stall-in-stockholm-after-tasting-it-here/,,STOCKHOLM,042,1.9,-0.52356020942409
20250909,https://www.marketscreener.com/news/lannebo-fonder-joins-axfood-s-nomination-committee-odin-fonder-steps-down-ce7d59dfdd80f222,,STOCKHOLM,036,4.0,6.66666666666667
20250909,https://www.mudgeeguardian.com.au/story/9052781/michelin-approved-bep-cuon-wows-with-affordable-vietnamese-cuisine/,SYDNEY,STOCKHOLM,043,2.8,4.41176470588235
20250909,https://www.mudgeeguardian.com.au/story/9052781/michelin-approved-bep-cuon-wows-with-affordable-vietnamese-cuisine/,STOCKHOLM,SYDNEY,042,1.9,4.41176470588235
20250909,https://www.epochtimes.de/politik/ausland/auch-junge-maedchen-lassen-sich-in-schweden-zunehmend-fuer-gewalttaten-anheuern-a5239989.html,,STOCKHOLM,046,7.0,-7.42424242424243
20250909,https://www.helsinkitimes.fi/world-int/27877-data-breach-hits-40-000-stockholm-city-employees.html,EMPLOYEE,STOCKHOLM,036,4.0,-6.89655172413793
20250909,https://www.helsinkitimes.fi/world-int/27877-data-breach-hits-40-000-stockholm-city-employees.html,STOCKHOLM,EMPLOYEE,036,4.0,-6.89655172413793
20250909,https://www.panarmenian.net/eng/news/325869/,ARMENIA,STOCKHOLM,030,4.0,-2.96296296296297
20250909,https://www.panarmenian.net/eng/news/325877/,HAYASTAN,STOCKHOLM,020,3.0,-0.23094688221709
20250909,https://www.dezeen.com/2025/09/09/gustaf-westman-debut-tableware-collection-ikea/,STOCKHOLM,DEALER,111,-2.0,2.80373831775701
20250911,https://en.gmw.cn/2025-09/11/content_38278625.htm,PARIS,STOCKHOLM,0256,-0.3,-7.15909090909091
20250910,https://korrespondent.net/world/4814812-ataka-na-polshu-shvetsyia-predostavyt-samolety-y-sredstva-pvo,STOCKHOLM,MILITARY,010,0.0,0.0
20250910,https://www.eremnews.com/news/arab-world/2umw41s,KHARTOUM,STOCKHOLM,190,-10.0,-3.125
20250910,https://www.eremnews.com/news/arab-world/2umw41s,STOCKHOLM,KHARTOUM,190,-10.0,-3.125
20250911,https://nyheter24.se/nyheter/inrikes/1418373-polisen-ingen-ny-valdsvag,MALE,STOCKHOLM,193,-10.0,-10.1818181818181
20250911,https://es.euronews.com/next/2025/09/10/podra-lovable-la-start-up-sueca-de-vibe-coding-convertirse-en-la-primera-europea-de-un-bil,EUROPEAN,STOCKHOLM,042,1.9,1.01137800252845
20250911,https://es.euronews.com/next/2025/09/10/podra-lovable-la-start-up-sueca-de-vibe-coding-convertirse-en-la-primera-europea-de-un-bil,STOCKHOLM,EUROPEAN,043,2.8,1.01137800252845
20250911,https://www.gp.se/debatt/privata-vardforetagare-blundar-for-hur-driftsformen-i-sig-mojliggor-valfardsbrottslighet.a6a2a05e-bec3-4a72-9f01-5a9146925256,STOCKHOLM,COMPANIES,020,3.0,-5.82241630276565
20250910,https://www.wagmtv.com/2025/09/10/rsu-39-referendum-vote-passes-third-round/,STOCKHOLM,STOCKHOLM,110,-2.0,1.58730158730159
20250910,https://pda.kp.ru/online/news/6564757/,STOCKHOLM,POLISH,150,-7.2,-4.32098765432099
20250911,https://en.gmw.cn/2025-09/11/content_38278625.htm,LONDON,STOCKHOLM,0256,-0.3,-7.15909090909091
20250918,https://abnews.ru/news/2025/9/18/finlyandiya-vyrubaet-les-radi-spaseniya-ekonomiki,HELSINKI,STOCKHOLM,010,0.0,-1.16959064327486
20250911,https://www.investors.com/news/klarna-stock-hot-ipo-not-day-one-buy/,STOCKHOLM,COMPANIES,0331,5.2,2.53164556962025
20250911,https://www.lelezard.com/communique-21935118.html,STOCKHOLM,,026,4.0,-3.2967032967033
20250911,https://oilreview.kiev.ua/2025/09/11/innovaci%D1%97-yak-klyuch-do-rozvyazannya-energetichno%D1%97-trilemi-globalni-vikliki-ta-mozhlivi-vidpovidi/,STOCKHOLM,,051,3.4,1.82201602607479
20250911,https://www.etc.se/inrikes/sd-toppen-om-stegrud-vaecker-fraagetecken,STOCKHOLM,,010,0.0,-3.65853658536586
20250911,https://www.rtvslo.si/svet/zda-s-trumpom-na-celu-spodbujajo-avtokrate-po-vsem-svetu/757262,STOCKHOLM,,130,-4.4,0.18867924528302
20250911,https://www.se.pl/wiadomosci/exclusive/maz-malgorzaty-pieczynskiej-mieszka-w-innym-kraju-powod-boi-sie-zyc-w-polsce-aa-cWdw-xBuE-YRDR.html,STOCKHOLM,,042,1.9,0.67681895093062
20250912,https://www.eurasiareview.com/12092025-russia-looks-to-gauge-nato-with-zapad-war-games-heres-what-to-know-analysis/,BELARUS,STOCKHOLM,190,-10.0,-2.85714285714286
20250912,https://www.rferl.org/a/russia-belarus-ukraine-military-war-zapad-drills-exercises/33527752.html,BELARUS,STOCKHOLM,190,-10.0,-3.16455696202531
20250912,http://www.heraldglobe.com/news/278570126/russia-looks-to-gauge-nato-with-zapad-war-games-heres-what-to-know,BELARUS,STOCKHOLM,190,-10.0,-3.21951219512195
20250911,http://www.middleeaststar.com/news/278570126/russia-looks-to-gauge-nato-with-zapad-war-games-heres-what-to-know,BELARUS,STOCKHOLM,190,-10.0,-3.21951219512195
20250911,https://www.n-tv.de/politik/Russland-luegt-es-luegt-auch-in-diesem-Fall-article26025789.html,ROSTOCK,POLISH,090,-2.0,-2.72727272727273
20250911,"https://naszdziennik.pl/swiat/326177,szwecja-i-lotwa-wsparly-polske.html",STOCKHOLM,UKRAINE,111,-2.0,-5.30973451327437
20250911,"https://naszdziennik.pl/swiat/326177,szwecja-i-lotwa-wsparly-polske.html",STOCKHOLM,UKRAINE,111,-2.0,-5.30973451327437
20250911,"https://www.ndr.de/nachrichten/mecklenburg-vorpommern/experte-warnt-norddeutsche-friedensgruppen-im-fokus-russlands,friedensfonds-100.html",RUSSIA,ROSTOCK,020,3.0,-0.7936507936508
20250911,https://www.dn.se/insandare/noterat-av-dns-lasare-den-11-september-3/,KING,STOCKHOLM,020,3.0,-2.7027027027027
20250911,https://www.wabi.tv:443/2025/09/11/caribou-stockholm-voters-pass-25-26-school-budget-after-two-failed-attempts/,STOCKHOLM,STOCKHOLM,110,-2.0,-0.93896713615024
20250911,https://www.expressen.se/nyheter/politik/kallor-jessica-stegrud-sd-och-aktivisten-nick-alinia-ar-ett-par/,MAGAZINE,STOCKHOLM,043,2.8,-2.32758620689655
20250911,https://www.expressen.se/nyheter/politik/kallor-jessica-stegrud-sd-och-aktivisten-nick-alinia-ar-ett-par/,STOCKHOLM,MAGAZINE,042,1.9,-2.32758620689655
20250911,https://publishingperspectives.com/2025/09/lisbons-2025-book-2-0-draws-more-than-700-participants/,STOCKHOLM,MINIST OF EDUCATION,110,-2.0,0.77319587628866
20250911,https://publishingperspectives.com/2025/09/lisbons-2025-book-2-0-draws-more-than-700-participants/,STOCKHOLM,SWEDEN,110,-2.0,0.77319587628866
20250912,https://www.rferl.org/a/russia-belarus-ukraine-military-war-zapad-drills-exercises/33527752.html,BELARUS,STOCKHOLM,190,-10.0,-3.19203457857363
20250911,http://www.middleeaststar.com/news/278570126/russia-looks-to-gauge-nato-with-zapad-war-games-heres-what-to-know,BELARUS,STOCKHOLM,190,-10.0,-3.21951219512195
20250911,https://www.chemengonline.com/worley-awarded-feed-verification-contract-for-preem-renewable-fuels-project/,SYDNEY,STOCKHOLM,031,5.2,1.67224080267558
20250911,https://www.chemengonline.com/worley-awarded-feed-verification-contract-for-preem-renewable-fuels-project/,STOCKHOLM,SYDNEY,031,5.2,1.67224080267558
20250912,https://www.ostsee-zeitung.de/lokales/rostock/hartz-und-herzlich-in-rostock-ueberraschungen-bei-sandra-jasmin-und-maik-mit-folgen-fuer-die-kinder-B6DZD2FTWJGOHBYCARCGIE6XQU.html,,ROSTOCK,043,2.8,2.10772833723654
20250912,https://www.ostsee-zeitung.de/lokales/rostock/hartz-und-herzlich-in-rostock-ueberraschungen-bei-sandra-jasmin-und-maik-mit-folgen-fuer-die-kinder-B6DZD2FTWJGOHBYCARCGIE6XQU.html,ROSTOCK,,042,1.9,2.10772833723654
20250912,https://oilreview.kiev.ua/2025/09/12/153238/,STOCKHOLM,,051,3.4,1.73410404624277
20250912,https://www.euronews.com/my-europe/2025/09/12/nuclear-war-can-you-afford-to-survive-heres-how-much-private-bunkers-cost-across-europe,STOCKHOLM,,043,2.8,-1.09622411693057
20250912,https://profile.ru/news/economy/litva-proigrala-krupnyj-finansovyj-spor-s-gazpromom-232245/,STOCKHOLM,,110,-2.0,-6.89655172413793
20250912,https://24tv.ua/geopolitics/inozemni-viyska-ukrayini-kudi-yih-napravlyat-zagrozhuvatime-yim_n2913484,STOCKHOLM,,010,0.0,-2.32558139534883
20250912,https://www.dn.se/kultur/franskt-sa-det-forslar/,STOCKHOLM,FRENCH,020,3.0,0.61728395061728
20250912,https://www.dn.se/kultur/franskt-sa-det-forslar/,STOCKHOLM,FRENCH,172,-5.0,0.61728395061728
20250912,https://www.farodevigo.es/pontevedra/2025/09/12/nuevo-reto-bicicleta-eladio-paz-121478742.html,GALICIA,STOCKHOLM,043,2.8,0.53475935828877
20250912,https://www.finanznachrichten.de/nachrichten-2025-09/66426750-schweden-will-eu-sanktionen-gegen-russische-schattenflotte-003.htm,STOCKHOLM,POLAND,020,3.0,-5.51181102362205
20250912,https://www.finanznachrichten.de/nachrichten-2025-09/66426750-schweden-will-eu-sanktionen-gegen-russische-schattenflotte-003.htm,STOCKHOLM,POLAND,020,3.0,-5.51181102362205
20250912,https://www.farodevigo.es/pontevedra/2025/09/12/nuevo-reto-bicicleta-eladio-paz-121478742.html,STOCKHOLM,GALICIA,042,1.9,0.53475935828877
20250912,https://www.farodevigo.es/pontevedra/2025/09/12/nuevo-reto-bicicleta-eladio-paz-121478742.html,STOCKHOLM,GALICIA,042,1.9,0.53475935828877
20250912,https://www.euronews.com/my-europe/2025/09/12/nuclear-war-can-you-afford-to-survive-heres-how-much-private-bunkers-cost-across-europe,,STOCKHOLM,042,1.9,-1.09622411693057
20250912,https://www.expressen.se/nyheter/politik/sds-gruppledare-linda-lindberg-om-jessica-stegrud/,MAGAZINE,STOCKHOLM,043,2.8,-3.50109409190373
20250912,https://www.expressen.se/nyheter/politik/sds-gruppledare-linda-lindberg-om-jessica-stegrud/,STOCKHOLM,MAGAZINE,042,1.9,-3.50109409190373
20250912,https://www.dn.se/kultur/franskt-sa-det-forslar/,STOCKHOLM,FRANCE,020,3.0,0.61728395061728
20250912,https://www.dn.se/kultur/franskt-sa-det-forslar/,STOCKHOLM,FRANCE,172,-5.0,0.61728395061728
20250912,https://www.dagensmedicin.se/arbetsliv/arbetsmiljo/socialstyrelsen-om-kritiserad-nhv-vard-ett-problem/,STOCKHOLM,HOSPITAL,010,0.0,-3.67647058823529
20250912,https://www.dagensmedicin.se/arbetsliv/arbetsmiljo/socialstyrelsen-om-kritiserad-nhv-vard-ett-problem/,STOCKHOLM,SWEDEN,010,0.0,-3.67647058823529
20250912,https://esctoday.com/201638/sweden-svt-receives-3888-songs-for-melodifestivalen-2026/,EUROPE,STOCKHOLM,043,2.8,3.36134453781513
20250912,https://esctoday.com/201638/sweden-svt-receives-3888-songs-for-melodifestivalen-2026/,STOCKHOLM,EUROPE,042,1.9,3.36134453781513
20250912,https://www.jdsupra.com/legalnews/open-justice-us-style-pilot-scheme-to-1714135/,STOCKHOLM,PUBLICATION,070,7.0,-0.14336917562724
20250917,https://www.welt.de/regionales/mecklenburg-vorpommern/article68cab712416a177d432ade70/Einzugsanordnung-gegen-Ex-Pflegeheimchefin-nicht-rechtens.html,ROSTOCK,,173,-5.0,-4.78072302907524
20250917,https://eurovoix.com/2025/09/17/%F0%9F%87%B8%F0%9F%87%AA-sweden-melodifestivalen-2026-dates-and-host-cities-announced/,STOCKHOLM,,036,4.0,1.06100795755968
20250917,https://aip.nu/med-en-tydlig-sjukvardspolitik-kan-s-vinna-valet/,STOCKHOLM,,130,-4.4,2.33297985153764
20250917,https://oilreview.kiev.ua/2025/09/17/opec-zagostryuye-diskusiyu-shhodo-bazovix-potuzhnostej-yak-pereglyad-steli-na-2027-rik-pererozpodilit-chastki-rinku/,STOCKHOLM,,051,3.4,1.09289617486339
20250917,https://www.lrt.lt/naujienos/verslas/4/2681286/papiktino-nuolat-keiciami-airbaltic-skrydziu-laikai-niekas-kitas-taip-nedaro,STOCKHOLM,,043,2.8,-0.74074074074074
20250917,https://www.delo.si/novice/svet/katere-evropske-drzave-ponujajo-najvisje-subvencije-za-nakup-elektricnega-vozila,STOCKHOLM,,020,3.0,-0.63157894736842
20250917,https://www.realtid.se/karriar-ledarskap/apotekare-far-ringa-vanner-pa-arbetstid/,STOCKHOLM,,010,0.0,-3.95778364116095
20250917,https://www.thenationalnews.com/news/2025/09/17/super-relieved-tinder-swindler-simon-levievs-victims-celebrate-his-arrest/,STOCKHOLM,,010,0.0,-2.74790919952211
20250917,https://leadership.ng/miyetti-allah-cautions-against-adaptation-of-foreign-ranching-models/,MINIST OF LIVESTOCK,,040,1.0,-1.41242937853108
20250917,https://www.panarmenian.net/rus/news/326171/,STOCKHOLM,ARMENIA,025,-0.3,-4.44444444444444
20250917,https://www.panarmenian.net/rus/news/326171/,STOCKHOLM,ARMENIA,025,-0.3,-4.44444444444444
20250917,https://www.ostsee-zeitung.de/mecklenburg-vorpommern/rostocker-polizei-ermittelte-jahrelang-mit-schleuser-in-frankfurt-verhaftet-GKABRSY225H5RKEWHWK2TNRZ7I.html,ROSTOCK,MALE,110,-2.0,-6.4327485380117
20250917,http://colombogazette.com/2025/09/17/sri-lanka-promoted-in-nordic-region-as-premier-tourism-destination,SWEDEN,STOCKHOLM,042,1.9,5.27859237536657
20250917,http://colombogazette.com/2025/09/17/sri-lanka-promoted-in-nordic-region-as-premier-tourism-destination,NATIONALS,STOCKHOLM,042,1.9,5.27859237536657
20250917,http://colombogazette.com/2025/09/17/sri-lanka-promoted-in-nordic-region-as-premier-tourism-destination,SWEDEN,STOCKHOLM,042,1.9,5.27859237536657
20250917,https://www.thecattlesite.com/news/us-china-trade-war-marked-by-tit-for-tat-tariffs,CHINESE,STOCKHOLM,026,4.0,-3.63447559709242
20250917,https://www.euronews.com/my-europe/2025/09/17/sweden-and-finland-move-to-safeguard-bioenergy-production,HELSINKI,STOCKHOLM,040,1.0,-1.60857908847185
20250917,https://www.euronews.com/my-europe/2025/09/17/sweden-and-finland-move-to-safeguard-bioenergy-production,STOCKHOLM,HELSINKI,040,1.0,-1.60857908847185
20250917,https://www.euronews.com/my-europe/2025/09/17/sweden-and-finland-move-to-safeguard-bioenergy-production,STOCKHOLM,HELSINKI,040,1.0,-1.60857908847185
20250917,https://en.globes.co.il/en/article-israels-defense-industry-loses-major-asian-customer-1001521999,STOCKHOLM,ISRAEL,062,7.4,-0.62630480167014
20250917,https://en.globes.co.il/en/article-israels-defense-industry-loses-major-asian-customer-1001521999,STOCKHOLM,ISRAEL,062,7.4,-0.62630480167014
20250917,https://leadership.ng/miyetti-allah-cautions-against-adaptation-of-foreign-ranching-models/,,MINIST OF LIVESTOCK,040,1.0,-1.41242937853108
20250917,https://leadership.ng/miyetti-allah-cautions-against-adaptation-of-foreign-ranching-models/,MINIST OF LIVESTOCK,NIGERIA,040,1.0,-1.41242937853108
20250917,https://leadership.ng/miyetti-allah-cautions-against-adaptation-of-foreign-ranching-models/,NIGERIA,MINIST OF LIVESTOCK,040,1.0,-1.41242937853108
20250917,https://eurovoix.com/2025/09/17/%F0%9F%87%B8%F0%9F%87%AA-sweden-melodifestivalen-2026-dates-and-host-cities-announced/,,STOCKHOLM,036,4.0,1.06100795755968
20250917,https://www.lrt.lt/naujienos/verslas/4/2681286/papiktino-nuolat-keiciami-airbaltic-skrydziu-laikai-niekas-kitas-taip-nedaro,,STOCKHOLM,042,1.9,-0.74074074074074
20250917,https://www.euronews.com/my-europe/2025/09/17/sweden-and-finland-move-to-safeguard-bioenergy-production,HELSINKI,STOCKHOLM,040,1.0,-1.60857908847185
20250917,https://www.dn.se/insandare/noterat-av-dns-lasare-den-17-september-2/,STOCKHOLM,JEWISH,140,-6.5,-3.63101079489696
20250917,https://www.finanznachrichten.de/nachrichten-2025-09/66464165-nordic-angels-angel-prize-summit-where-the-future-of-the-nordics-will-be-decided-008.htm,INVESTOR,STOCKHOLM,036,4.0,4.06538719203857
20250917,https://www.finanznachrichten.de/nachrichten-2025-09/66464165-nordic-angels-angel-prize-summit-where-the-future-of-the-nordics-will-be-decided-008.htm,STOCKHOLM,INVESTOR,036,4.0,4.06538719203857
20250917,https://www.fokus.se/veckans-fokus/vagval-for-varldens-modernaste-kyrka/,BISHOP,STOCKHOLM,012,-0.4,-0.75783672063382
20250917,https://www.insurancejournal.com/news/international/2025/09/17/839487.htm,EUROPEAN,STOCKHOLM,046,7.0,2.42214532871972
20250917,https://www.insurancejournal.com/news/international/2025/09/17/839487.htm,STOCKHOLM,EUROPEAN,046,7.0,2.42214532871972
20250917,http://colombogazette.com/2025/09/17/sri-lanka-promoted-in-nordic-region-as-premier-tourism-destination,STOCKHOLM,NATIONALS,043,2.8,5.27859237536657
20250917,http://colombogazette.com/2025/09/17/sri-lanka-promoted-in-nordic-region-as-premier-tourism-destination,STOCKHOLM,SWEDEN,043,2.8,5.27859237536657
20250917,https://magyarnemzet.hu/kulfold/2025/09/svedorszag-figyelmezteto-pelda-migracio,POLICE,STOCKHOLM,020,3.0,-7.77027027027027
20250917,https://magyarnemzet.hu/kulfold/2025/09/svedorszag-figyelmezteto-pelda-migracio,SWEDEN,STOCKHOLM,020,3.0,-7.77027027027027
20250917,https://nyheter24.se/noje/kandisar/1420016-skadespelare-kraschade-in-i-vagg-atalas-for-rattfylleri,ACTOR,STOCKHOLM,190,-10.0,-5.57823129251701
20250917,https://www.realtid.se/karriar-ledarskap/apotekare-far-ringa-vanner-pa-arbetstid/,STOCKHOLM,SWEDEN,010,0.0,-3.95778364116095
20250917,https://www.thecattlesite.com/news/us-china-trade-war-marked-by-tit-for-tat-tariffs,CHINESE,STOCKHOLM,026,4.0,-3.63447559709242
20250917,https://www.ipsnews.net/2025/09/better-use-of-the-worlds-expertise-in-navigating-the-polycrisis/,AZORES,STOCKHOLM,120,-4.0,0.88495575221239
20250917,https://magyarnemzet.hu/kulfold/2025/09/svedorszag-figyelmezteto-pelda-migracio,SWEDEN,STOCKHOLM,020,3.0,-7.77027027027027
20250910,https://www.dn.se/kultur/vald-gestaltas-och-ifragasatts-pa-moderna-museet/,STOCKHOLM,,190,-10.0,-3.52941176470588
20250910,https://www.thelocal.se/20250909/if-you-want-to-build-a-future-here-welcome-to-sweden/,STOCKHOLM,,043,2.8,0.29615004935835
20250910,https://oilreview.kiev.ua/2025/09/10/saudivska-araviya-gotuye-novu-strategiyu-1-trilionnogo-investicijnogo-fondu/,STOCKHOLM,,051,3.4,2.25988700564972
20250910,"https://www.polskieradio.pl/395/7786/Artykul/3577311,sweden-to-buy-poland%E2%80%99s-piorun-airdefense-systems",STOCKHOLM,,010,0.0,2.62172284644195
20250910,https://charter97.org/ru/news/2025/9/10/655166/,STOCKHOLM,FINLAND,111,-2.0,-3.46232179226069
20250910,https://charter97.org/ru/news/2025/9/10/655166/,STOCKHOLM,FINLAND,111,-2.0,-3.46232179226069
20250910,https://www.indiatvnews.com/news/world/sweden-s-newly-appointed-health-minister-elisabet-lann-collapses-during-press-conference-cites-low-blood-sugar-2025-09-10-1007528,STOCKHOLM,HEALTH MINIST,060,6.0,-3.84615384615385
20250910,https://www.indiatvnews.com/news/world/sweden-s-newly-appointed-health-minister-elisabet-lann-collapses-during-press-conference-cites-low-blood-sugar-2025-09-10-1007528,STOCKHOLM,SWEDEN,060,6.0,-3.84615384615385
20250910,https://www.norran.se/english/engelska/artikel/i-was-guilt-tripped-for-flying-from-skelleftea-to-stockholm/jvd6511j,,STOCKHOLM,042,1.9,-1.52777777777778
20250910,https://english.news.cn/20250910/4686839fed1849669c4acbdcbbe7a335/c.html,PARIS,STOCKHOLM,0256,-0.3,-7.37588652482269
20250910,https://english.news.cn/20250910/4686839fed1849669c4acbdcbbe7a335/c.html,LONDON,STOCKHOLM,0256,-0.3,-7.37588652482269
20250910,https://www.norran.se/english/engelska/artikel/i-was-guilt-tripped-for-flying-from-skelleftea-to-stockholm/jvd6511j,POLITICIAN,STOCKHOLM,036,4.0,-1.52777777777778
20250910,https://www.norran.se/english/engelska/artikel/i-was-guilt-tripped-for-flying-from-skelleftea-to-stockholm/jvd6511j,POLITICIAN,STOCKHOLM,042,1.9,-1.52777777777778
20250910,https://www.norran.se/english/engelska/artikel/i-was-guilt-tripped-for-flying-from-skelleftea-to-stockholm/jvd6511j,STOCKHOLM,POLITICIAN,043,2.8,-1.52777777777778
20250910,https://www.norran.se/english/engelska/artikel/i-was-guilt-tripped-for-flying-from-skelleftea-to-stockholm/jvd6511j,STOCKHOLM,SWEDEN,043,2.8,-1.52777777777778
20250910,https://www.norran.se/english/engelska/artikel/i-was-guilt-tripped-for-flying-from-skelleftea-to-stockholm/jvd6511j,SWEDEN,STOCKHOLM,042,1.9,-1.52777777777778
20250910,https://tass.ru/opinions/25012777,EUROPEAN,STOCKHOLM,071,7.4,0.0
20250910,https://tass.ru/opinions/25012777,EUROPEAN,STOCKHOLM,071,7.4,0.0
20250910,https://www.thelocal.se/20250909/if-you-want-to-build-a-future-here-welcome-to-sweden/,,STOCKHOLM,042,1.9,0.29615004935835
20250910,https://www.thelocal.se/20250909/if-you-want-to-build-a-future-here-welcome-to-sweden/,PARLIAMENTARIAN,STOCKHOLM,0874,10.0,0.29615004935835
20250917,https://www.yucatan.com.mx/imagen/2025/09/16/la-princesa-de-gales-hace-gala-de-buen-humor.html,STOCKHOLM,,043,2.8,3.45721694036301
20250916,https://www.highsnobiety.com/p/laura-reilly-home-design-lemaire-ralph-lauren-the-row/,STOCKHOLM,,120,-4.0,2.25563909774436
20250916,https://www.jamaicaobserver.com/2025/09/16/swedish-tinder-swindler-victim-celebrates-arrest/,STOCKHOLM,,051,3.4,-5.34124629080123
20250916,https://www.highsnobiety.com/p/laura-reilly-home-design-lemaire-ralph-lauren-the-row/,STOCKHOLM,,120,-4.0,2.25563909774436
20250916,https://mansheet.net/304302/%D8%AA%D8%AD%D8%B0%D9%8A%D8%B1-%D8%AF%D9%88%D9%84%D9%8A-%D8%B9%D8%A7%D8%AC%D9%84-%D8%AE%D8%A7%D8%B1%D8%AC%D9%8A%D8%A9-%D8%A7%D9%84%D8%B3%D9%88%D9%8A%D8%AF-%D8%AA%D8%AD%D8%B0%D8%B1-%D9%85%D9%86/,STOCKHOLM,,070,7.0,-11.4130434782609
20250916,https://proletaren.se/artikel/motesarrangor-ar-aktiv-i-hatgrupp-pa-facebook/,STOCKHOLM,,026,4.0,-1.33928571428572
20250916,https://www.unian.net/world/vzryvy-severnyh-potokah-podozrevaemogo-ukrainca-ekstradiruyut-v-germaniyu-13132593.html,ROSTOCK,,0874,10.0,-6.25
20250916,https://www.panarmenian.net/rus/news/326126/,STOCKHOLM,ARMENIA,025,-0.3,-1.77514792899409
20250916,https://www.panarmenian.net/rus/news/326126/,STOCKHOLM,ARMENIA,025,-0.3,-1.77514792899409
20250916,https://www.moneycontrol.com/world/china-arms-pakistan-as-zardari-visits-military-complex-why-india-needs-to-pay-attention-explainer-article-13551503.html,PAKISTAN,STOCKHOLM,061,6.4,0.35778175313059
20250916,https://www.moneycontrol.com/world/china-arms-pakistan-as-zardari-visits-military-complex-why-india-needs-to-pay-attention-explainer-article-13551503.html,PAKISTAN,STOCKHOLM,061,6.4,0.35778175313059
20250916,https://frettatiminn.is/16/09/2025/280-stulkur-a-aldrinum-15-til17-ara-kaerdar-fyrir-mord-drap-og-ofbeldi/,STOCKHOLM,FRENCH,040,1.0,-4.76190476190476
20250916,https://frettatiminn.is/16/09/2025/280-stulkur-a-aldrinum-15-til17-ara-kaerdar-fyrir-mord-drap-og-ofbeldi/,STOCKHOLM,FRENCH,040,1.0,-4.76190476190476
20250917,https://dailycaller.com/2025/09/16/italian-court-extradition-suspect-nord-stream-pipelines-explosion-russia-ukraine/,GERMANY,ROSTOCK,100,-5.0,-7.01030927835052
20250916,https://www.mallorcadiario.com/el-vuelo-de-mondo-duplantis-y-el-encanto-de-desire-inglander,PUBLICATION,STOCKHOLM,042,1.9,1.5748031496063
20250916,https://dailypost.ng/2025/09/16/fg-finally-set-to-relocate-cattle-from-abuja-to-grazing-reserves/,MINIST OF LIVESTOCK,MEDIA,010,0.0,2.80898876404494
20250916,https://www.rree.go.cr:443/?sec=servicios&cat=prensa&cont=593&id=8471,KINGDOM,STOCKHOLM,040,1.0,7.5
20250916,https://www.moneycontrol.com/world/china-arms-pakistan-as-zardari-visits-military-complex-why-india-needs-to-pay-attention-explainer-article-13551503.html,PAKISTAN,STOCKHOLM,061,6.4,0.35778175313059
20250917,https://www.yahoo.com/news/articles/f-16-cleared-peru-next-224555802.html,STOCKHOLM,RUSSIAN,061,6.4,-2.03735144312394
20250917,https://www.yucatan.com.mx/imagen/2025/09/16/la-princesa-de-gales-hace-gala-de-buen-humor.html,,STOCKHOLM,042,1.9,3.45721694036301
20250916,https://www.dn.se/debatt/var-tacksam-for-aktivisterna-de-kommer-forsvara-sverige/,PRIME MINISTER,STOCKHOLM,020,3.0,0.26595744680851
20250916,https://www.rree.go.cr:443/?sec=servicios&cat=prensa&cont=593&id=8471,PRESIDENT,STOCKHOLM,040,1.0,7.5
20250916,https://www.rree.go.cr:443/?sec=servicios&cat=prensa&cont=593&id=8471,STOCKHOLM,PRESIDENT,040,1.0,7.5
20250916,https://frettatiminn.is/16/09/2025/280-stulkur-a-aldrinum-15-til17-ara-kaerdar-fyrir-mord-drap-og-ofbeldi/,FRENCH,STOCKHOLM,040,1.0,-4.76190476190476
20250916,https://www.prnewswire.com/news-releases/swedish-erp-specialist-implema-expands-to-the-us--new-office-in-raleigh-north-carolina-302557833.html,STOCKHOLM,BUSINESS,043,2.8,2.42085661080074
20250916,https://www.panarmenian.net/rus/news/326126/,STOCKHOLM,ARMENIA,025,-0.3,-1.77514792899409
20250917,https://www.philstar.com/lifestyle/on-the-radar/2025/09/17/2473475/tinder-swindler-victims-celebrate-his-arrest,ISRAELI,STOCKHOLM,013,0.4,-4.74137931034483
20250917,https://www.philstar.com/lifestyle/on-the-radar/2025/09/17/2473475/tinder-swindler-victims-celebrate-his-arrest,NETFLIX,STOCKHOLM,013,0.4,-4.74137931034483
20250916,https://www.mallorcadiario.com/el-vuelo-de-mondo-duplantis-y-el-encanto-de-desire-inglander,STOCKHOLM,PUBLICATION,043,2.8,1.5748031496063
20250916,https://www.riksbank.se/sv/press-och-publicerat/nyheter-och-pressmeddelanden/pressmeddelanden/2025/den-penningpolitiska-presstraffen-i-september-ager-rum-i-malmo/,BANK,STOCKHOLM,040,1.0,0.0
20250916,https://www.riksbank.se/sv/press-och-publicerat/nyheter-och-pressmeddelanden/pressmeddelanden/2025/den-penningpolitiska-presstraffen-i-september-ager-rum-i-malmo/,PARLIAMENT,STOCKHOLM,0331,5.2,0.0
20250916,https://www.jamaicaobserver.com/2025/09/16/swedish-tinder-swindler-victim-celebrates-arrest/,ISRAELI,STOCKHOLM,013,0.4,-5.34124629080123
20250917,https://www.philstar.com/lifestyle/on-the-radar/2025/09/17/2473475/tinder-swindler-victims-celebrate-his-arrest,ISRAEL,STOCKHOLM,013,0.4,-4.74137931034483
20250917,https://www.philstar.com/lifestyle/on-the-radar/2025/09/17/2473475/tinder-swindler-victims-celebrate-his-arrest,NETFLIX,STOCKHOLM,013,0.4,-4.74137931034483
20250916,https://www.arabnews.com/node/2615544/world,ISRAEL,STOCKHOLM,013,0.4,-5.42168674698796
20250916,https://www.arabnews.com/node/2615544/world,ISRAEL,STOCKHOLM,013,0.4,-5.42168674698796
20250916,https://www.prnewswire.com/news-releases/swedish-erp-specialist-implema-expands-to-the-us--new-office-in-raleigh-north-carolina-302557833.html,BUSINESS,STOCKHOLM,042,1.9,2.42085661080074
20250901,https://www.finanznachrichten.de/nachrichten-2025-09/66322050-eqs-news-skyborn-renewables-gmbh-skyborn-secures-all-major-contractors-for-gennaker-offshore-wind-farm-023.htm,ROSTOCK,,051,3.4,3.78973105134474
20250901,https://www.firstpost.com/opinion/india-china-reset-sco-summit-trump-tariffs-13929851.html,STOCKHOLM,,164,-7.0,-0.71669477234402
20250901,https://livenews.co.nz/2025/09/02/skyborn-secures-all-major-contractors-for-gennaker-offshore-wind-farm/,ROSTOCK,,051,3.4,4.6875
20250901,https://www.miragenews.com/h-pylori-screening-fails-to-curb-gi-bleeds-post-1524809/,STOCKHOLM,,010,0.0,-9.04836193447738
20250901,https://www.firstpost.com/opinion/india-china-reset-sco-summit-trump-tariffs-13929851.html,STOCKHOLM,,164,-7.0,-0.71669477234402
20250901,https://oilreview.kiev.ua/2025/09/01/wall-street-znizhuye-prognozi-cin-na-naftu-ochikuvannya-padinnya-do-50-za-barel/,STOCKHOLM,,051,3.4,0.738694495600573
20250901,https://www.finanznachrichten.de/nachrichten-2025-09/66322050-eqs-news-skyborn-renewables-gmbh-skyborn-secures-all-major-contractors-for-gennaker-offshore-wind-farm-023.htm,ROSTOCK,,051,3.4,3.78973105134474
20250901,https://www.thailand-business-news.com/pr-news/skyborn-secures-all-major-contractors-for-gennaker-offshore-wind-farm,ROSTOCK,,051,3.4,4.51770451770452
20250901,https://medicalxpress.com/news/2025-09-pylori-screening-significantly-upper-gastrointestinal.html,STOCKHOLM,,010,0.0,-7.41301059001513
20250901,https://sciencebusiness.net/network-updates/stockholm-university-experts-call-major-reforms-intergovernmental-panel-climate,STOCKHOLM,INTERGOVERNMENTAL PANEL ON CLIMATE CHANGE,020,3.0,0.0
20250901,https://www.firstpost.com/opinion/india-china-reset-sco-summit-trump-tariffs-13929851.html,,STOCKHOLM,164,-7.0,-0.71669477234402
20250901,https://www.firstpost.com/opinion/india-china-reset-sco-summit-trump-tariffs-13929851.html,,STOCKHOLM,164,-7.0,-0.71669477234402
20250901,https://www.miragenews.com/nkg2024-congress-insights-unveiled-in-new-paper-1524941/,STOCKHOLM,CONGRESS,061,6.4,3.07692307692308
20250901,https://sciencebusiness.net/network-updates/stockholm-university-experts-call-major-reforms-intergovernmental-panel-climate,STOCKHOLM,UNITED NATIONS,020,3.0,0.0
20250901,https://sciencebusiness.net/network-updates/stockholm-university-experts-call-major-reforms-intergovernmental-panel-climate,STOCKHOLM,INTERGOVERNMENTAL PANEL ON CLIMATE CHANGE,020,3.0,0.0
20250901,https://sciencebusiness.net/network-updates/stockholm-university-experts-call-major-reforms-intergovernmental-panel-climate,STOCKHOLM,UNITED NATIONS,020,3.0,0.0
20250901,https://sciencebusiness.net/network-updates/stockholm-university-experts-call-major-reforms-intergovernmental-panel-climate,STOCKHOLM,INTERGOVERNMENTAL PANEL ON CLIMATE CHANGE,020,3.0,0.0
20250901,https://timesofoman.com/article/162262-oman-sweden-hold-third-round-of-political-consultations,STOCKHOLM,OMAN,040,1.0,2.29007633587786
20250901,https://e-thessalia.gr/tempi-to-chontro-paraskinio-me-to-porisma-toy-eodasaam-oi-pieseis-stoys-xenoys-ereynites-kai-i-proeidopoiisi-gia-kleisimo-toy-sidirodromoy/,STOCKHOLM,A US,042,1.9,-2.00445434298441
20250901,https://e-thessalia.gr/tempi-to-chontro-paraskinio-me-to-porisma-toy-eodasaam-oi-pieseis-stoys-xenoys-ereynites-kai-i-proeidopoiisi-gia-kleisimo-toy-sidirodromoy/,A US,STOCKHOLM,043,2.8,-2.00445434298441
20250901,https://patriotpost.us/opinion/120488-rent-controls-winners-are-the-well-off-and-the-well-connected-2025-09-01,STOCKHOLM,TENANTS,172,-5.0,0.0836120401337794
20250901,https://e-thessalia.gr/tempi-to-chontro-paraskinio-me-to-porisma-toy-eodasaam-oi-pieseis-stoys-xenoys-ereynites-kai-i-proeidopoiisi-gia-kleisimo-toy-sidirodromoy/,A US,STOCKHOLM,043,2.8,-2.00445434298441
20250901,https://timesofoman.com/article/162262-oman-sweden-hold-third-round-of-political-consultations,OMAN,STOCKHOLM,040,1.0,2.29007633587786
